,Lactate,Malate,Fumarate,Biomass,CO2,R00268,R00405,R02740,R00351
3.816793893129771,0.0,0.0,0.67939958,123.92232,1053.2587,184.64602,-184.64602,131.0,-184.64602
3.787878787878788,0.0,0.0,2.8257389,123.9983,1050.5323,184.45267,-184.45267,132.0,-184.45267
3.7593984962406015,0.0,0.0,4.9720782,124.07427,1047.8059,184.25932,-184.25932,133.0,-184.25932
3.7313432835820897,0.0,0.0,7.1184175,124.15025,1045.0795,184.06597,-184.06597,134.0,-184.06597
3.7037037037037037,0.0,0.0,9.2647568,124.22623,1042.3531,183.87262,-183.87262,135.0,-183.87262
3.676470588235294,0.0,0.0,11.411096,124.30221,1039.6267,183.67927,-183.67927,136.0,-183.67927
3.6496350364963503,0.0,0.0,13.557435,124.37819,1036.9003,183.48592,-183.48592,137.0,-183.48592
3.6231884057971016,0.0,0.0,15.703775,124.45417,1034.1739,183.29257,-183.29257,138.0,-183.29257
3.597122302158273,0.0,0.0,17.850114,124.53015,1031.4475,183.09922,-183.09922,139.0,-183.09922
3.5714285714285716,0.0,0.0,19.996453,124.60613,1028.7212,182.90587,-182.90587,140.0,-182.90587
3.5460992907801416,0.0,0.0,22.142793,124.68211,1025.9948,182.71252,-182.71252,141.0,-182.71252
3.5211267605633805,0.0,0.0,24.289132,124.75809,1023.2684,182.51917,-182.51917,142.0,-182.51917
3.4965034965034967,0.0,0.0,26.435471,124.83407,1020.542,182.32582,-182.32582,143.0,-182.32582
3.4722222222222223,0.0,0.0,28.58181,124.91005,1017.8156,182.13247,-182.13247,144.0,-182.13247
3.4482758620689653,0.0,0.0,30.72815,124.98603,1015.0892,181.93912,-181.93912,145.0,-181.93912
3.4246575342465753,0.0,0.0,32.874489,125.06201,1012.3628,181.74577,-181.74577,146.0,-181.74577
3.401360544217687,0.0,0.0,35.020828,125.13799,1009.6364,181.55242,-181.55242,147.0,-181.55242
3.3783783783783785,0.0,0.0,37.167168,125.21396,1006.91,181.35907,-181.35907,148.0,-181.35907
3.3557046979865772,0.0,0.0,39.313507,125.28994,1004.1837,181.16572,-181.16572,149.0,-181.16572
3.3333333333333335,0.0,0.0,41.459846,125.36592,1001.4573,180.97237,-180.97237,150.0,-180.97237
3.3112582781456954,0.0,0.0,43.606186,125.4419,998.73088,180.77902,-180.77902,151.0,-180.77902
3.289473684210526,0.0,0.0,45.752525,125.51788,996.00449,180.58567,-180.58567,152.0,-180.58567
3.2679738562091503,0.0,0.0,47.898864,125.59386,993.2781,180.39232,-180.39232,153.0,-180.39232
3.2467532467532467,0.0,0.0,50.045203,125.66984,990.55171,180.19897,-180.19897,154.0,-180.19897
3.225806451612903,0.0,0.0,52.191543,125.74582,987.82532,180.00562,-180.00562,155.0,-180.00562
3.2051282051282053,0.0,0.0,54.337882,125.8218,985.09893,179.81227,-179.81227,156.0,-179.81227
3.1847133757961785,0.0,0.0,56.484221,125.89778,982.37254,179.61892,-179.61892,157.0,-179.61892
3.1645569620253164,0.0,0.0,58.630561,125.97376,979.64615,179.42557,-179.42557,158.0,-179.42557
3.1446540880503147,0.0,0.0,60.7769,126.04974,976.91976,179.23222,-179.23222,159.0,-179.23222
3.125,0.0,0.0,62.923239,126.12572,974.19337,179.03887,-179.03887,160.0,-179.03887
3.1055900621118013,0.0,0.0,65.069579,126.2017,971.46698,178.84552,-178.84552,161.0,-178.84552
3.0864197530864197,0.0,0.0,67.215918,126.27768,968.74059,178.65217,-178.65217,162.0,-178.65217
3.067484662576687,0.0,0.0,69.362257,126.35366,966.0142,178.45882,-178.45882,163.0,-178.45882
3.048780487804878,0.0,0.0,71.508597,126.42963,963.28781,178.26547,-178.26547,164.0,-178.26547
3.0303030303030303,0.0,0.0,73.654936,126.50561,960.56142,178.07212,-178.07212,165.0,-178.07212
3.0120481927710845,0.0,0.0,75.801275,126.58159,957.83503,177.87877,-177.87877,166.0,-177.87877
2.9940119760479043,0.0,0.0,77.947614,126.65757,955.10864,177.68542,-177.68542,167.0,-177.68542
2.9761904761904763,0.0,0.0,80.093954,126.73355,952.38225,177.49207,-177.49207,168.0,-177.49207
2.9585798816568047,0.0,0.0,82.240293,126.80953,949.65586,177.29872,-177.29872,169.0,-177.29872
2.9411764705882355,0.0,0.0,84.386632,126.88551,946.92947,177.10537,-177.10537,170.0,-177.10537
2.9239766081871346,0.0,0.0,86.532972,126.96149,944.20308,176.91202,-176.91202,171.0,-176.91202
2.9069767441860463,0.0,0.0,88.679311,127.03747,941.4767,176.71867,-176.71867,172.0,-176.71867
2.8901734104046244,0.0,0.0,90.82565,127.11345,938.75031,176.52532,-176.52532,173.0,-176.52532
2.8735632183908044,0.0,0.0,92.97199,127.18943,936.02392,176.33197,-176.33197,174.0,-176.33197
2.857142857142857,0.0,0.0,95.118329,127.26541,933.29753,176.13862,-176.13862,175.0,-176.13862
2.840909090909091,0.0,0.0,97.264668,127.34139,930.57114,175.94527,-175.94527,176.0,-175.94527
2.824858757062147,0.0,0.0,99.411007,127.41737,927.84475,175.75192,-175.75192,177.0,-175.75192
2.808988764044944,0.0,1.5573467,100.0,127.49335,925.11836,175.55857,-175.55857,178.0,-175.55857
2.793296089385475,0.0,3.703686,100.0,127.56932,922.39197,175.36522,-175.36522,179.0,-175.36522
2.7777777777777777,0.0,5.8500253,100.0,127.6453,919.66558,175.17187,-175.17187,180.0,-175.17187
2.7624309392265194,0.0,7.9963646,100.0,127.72128,916.93919,174.97852,-174.97852,181.0,-174.97852
2.7472527472527473,0.0,10.142704,100.0,127.79726,914.2128,174.78517,-174.78517,182.0,-174.78517
2.73224043715847,0.0,12.289043,100.0,127.87324,911.48641,174.59182,-174.59182,183.0,-174.59182
2.717391304347826,0.0,14.435383,100.0,127.94922,908.76002,174.39847,-174.39847,184.0,-174.39847
2.7027027027027026,0.0,16.581722,100.0,128.0252,906.03363,174.20512,-174.20512,185.0,-174.20512
2.6881720430107525,0.0,18.728061,100.0,128.10118,903.30724,174.01177,-174.01177,186.0,-174.01177
2.6737967914438503,0.0,20.8744,100.0,128.17716,900.58085,173.81842,-173.81842,187.0,-173.81842
2.6595744680851063,0.0,23.02074,100.0,128.25314,897.85446,173.62507,-173.62507,188.0,-173.62507
2.6455026455026456,0.0,25.167079,100.0,128.32912,895.12807,173.43172,-173.43172,189.0,-173.43172
2.6315789473684212,0.0,27.313418,100.0,128.4051,892.40168,173.23837,-173.23837,190.0,-173.23837
2.6178010471204187,0.0,29.459758,100.0,128.48108,889.67529,173.04502,-173.04502,191.0,-173.04502
2.6041666666666665,0.0,31.606097,100.0,128.55706,886.9489,172.85167,-172.85167,192.0,-172.85167
2.5906735751295336,0.0,33.752436,100.0,128.63304,884.22251,172.65832,-172.65832,193.0,-172.65832
2.577319587628866,0.0,35.898776,100.0,128.70901,881.49613,172.46497,-172.46497,194.0,-172.46497
2.5641025641025643,0.0,38.045115,100.0,128.78499,878.76974,172.27162,-172.27162,195.0,-172.27162
2.5510204081632653,0.0,40.191454,100.0,128.86097,876.04335,172.07827,-172.07827,196.0,-172.07827
2.5380710659898478,0.0,42.337793,100.0,128.93695,873.31696,171.88492,-171.88492,197.0,-171.88492
2.525252525252525,0.0,44.484133,100.0,129.01293,870.59057,171.69157,-171.69157,198.0,-171.69157
2.512562814070352,0.0,46.630472,100.0,129.08891,867.86418,171.49822,-171.49822,199.0,-171.49822
2.5,0.0,48.776811,100.0,129.16489,865.13779,171.30487,-171.30487,200.0,-171.30487
2.487562189054726,0.0,50.923151,100.0,129.24087,862.4114,171.11152,-171.11152,201.0,-171.11152
2.4752475247524752,0.0,53.06949,100.0,129.31685,859.68501,170.91817,-170.91817,202.0,-170.91817
2.4630541871921183,0.0,55.215829,100.0,129.39283,856.95862,170.72482,-170.72482,203.0,-170.72482
2.450980392156863,0.0,57.362169,100.0,129.46881,854.23223,170.53147,-170.53147,204.0,-170.53147
2.4390243902439024,0.0,59.508508,100.0,129.54479,851.50584,170.33812,-170.33812,205.0,-170.33812
2.4271844660194173,0.0,61.654847,100.0,129.62077,848.77945,170.14477,-170.14477,206.0,-170.14477
2.4154589371980677,0.0,63.801186,100.0,129.69675,846.05306,169.95142,-169.95142,207.0,-169.95142
2.4038461538461537,0.0,65.947526,100.0,129.77273,843.32667,169.75807,-169.75807,208.0,-169.75807
2.3923444976076556,0.0,68.093865,100.0,129.84871,840.60028,169.56472,-169.56472,209.0,-169.56472
2.380952380952381,0.0,70.240204,100.0,129.92468,837.87389,169.37137,-169.37137,210.0,-169.37137
2.3696682464454977,0.0,72.386544,100.0,130.00066,835.1475,169.17802,-169.17802,211.0,-169.17802
2.358490566037736,0.0,74.532883,100.0,130.07664,832.42111,168.98467,-168.98467,212.0,-168.98467
2.347417840375587,0.0,76.679222,100.0,130.15262,829.69472,168.79132,-168.79132,213.0,-168.79132
2.336448598130841,0.0,78.825562,100.0,130.2286,826.96833,168.59797,-168.59797,214.0,-168.59797
2.3255813953488373,0.0,80.971901,100.0,130.30458,824.24195,168.40462,-168.40462,215.0,-168.40462
2.314814814814815,0.0,83.11824,100.0,130.38056,821.51556,168.21127,-168.21127,216.0,-168.21127
2.304147465437788,0.0,85.264579,100.0,130.45654,818.78917,168.01792,-168.01792,217.0,-168.01792
2.293577981651376,0.0,87.410919,100.0,130.53252,816.06278,167.82457,-167.82457,218.0,-167.82457
2.2831050228310503,0.0,89.557258,100.0,130.6085,813.33639,167.63121,-167.63121,219.0,-167.63121
2.272727272727273,0.0,91.703597,100.0,130.68448,810.61,167.43786,-167.43786,220.0,-167.43786
2.262443438914027,0.0,93.849937,100.0,130.76046,807.88361,167.24451,-167.24451,221.0,-167.24451
2.2522522522522523,0.0,95.996276,100.0,130.83644,805.15722,167.05116,-167.05116,222.0,-167.05116
2.242152466367713,0.0,98.142615,100.0,130.91242,802.43083,166.85781,-166.85781,223.0,-166.85781
2.232142857142857,0.0,100.28895,100.0,130.9884,799.70444,166.66446,-166.66446,224.0,-166.66446
2.2222222222222223,0.0,102.43529,100.0,131.06437,796.97805,166.47111,-166.47111,225.0,-166.47111
2.2123893805309733,0.0,104.58163,100.0,131.14035,794.25166,166.27776,-166.27776,226.0,-166.27776
2.202643171806167,0.0,106.72797,100.0,131.21633,791.52527,166.08441,-166.08441,227.0,-166.08441
2.192982456140351,0.0,108.87431,100.0,131.29231,788.79888,165.89106,-165.89106,228.0,-165.89106
2.183406113537118,0.0,111.02065,100.0,131.36829,786.07249,165.69771,-165.69771,229.0,-165.69771
2.1739130434782608,0.0,113.16699,100.0,131.44427,783.3461,165.50436,-165.50436,230.0,-165.50436
2.1645021645021645,0.0,115.31333,100.0,131.52025,780.61971,165.31101,-165.31101,231.0,-165.31101
2.1551724137931036,0.0,117.45967,100.0,131.59623,777.89332,165.11766,-165.11766,232.0,-165.11766
2.1459227467811157,0.0,119.60601,100.0,131.67221,775.16693,164.92431,-164.92431,233.0,-164.92431
2.1367521367521367,0.0,121.75235,100.0,131.74819,772.44054,164.73096,-164.73096,234.0,-164.73096
2.127659574468085,0.0,123.89869,100.0,131.82417,769.71415,164.53761,-164.53761,235.0,-164.53761
2.1186440677966103,0.0,126.04503,100.0,131.90015,766.98776,164.34426,-164.34426,236.0,-164.34426
2.109704641350211,0.0,128.19137,100.0,131.97613,764.26138,164.15091,-164.15091,237.0,-164.15091
2.100840336134454,0.0,130.3377,100.0,132.05211,761.53499,163.95756,-163.95756,238.0,-163.95756
2.092050209205021,0.0,132.48404,100.0,132.12809,758.8086,163.76421,-163.76421,239.0,-163.76421
2.0833333333333335,0.0,134.63038,100.0,132.20406,756.08221,163.57086,-163.57086,240.0,-163.57086
2.074688796680498,0.0,136.77672,100.0,132.28004,753.35582,163.37751,-163.37751,241.0,-163.37751
2.0661157024793386,0.0,138.92306,100.0,132.35602,750.62943,163.18416,-163.18416,242.0,-163.18416
2.05761316872428,0.0,141.0694,100.0,132.432,747.90304,162.99081,-162.99081,243.0,-162.99081
2.0491803278688523,0.0,143.21574,100.0,132.50798,745.17665,162.79746,-162.79746,244.0,-162.79746
2.0408163265306123,0.0,145.36208,100.0,132.58396,742.45026,162.60411,-162.60411,245.0,-162.60411
2.032520325203252,0.0,147.50842,100.0,132.65994,739.72387,162.41076,-162.41076,246.0,-162.41076
2.0242914979757085,0.0,149.65476,100.0,132.73592,736.99748,162.21741,-162.21741,247.0,-162.21741
2.0161290322580645,0.0,151.8011,100.0,132.8119,734.27109,162.02406,-162.02406,248.0,-162.02406
2.0080321285140563,0.0,153.94744,100.0,132.88788,731.5447,161.83071,-161.83071,249.0,-161.83071
2.0,0.0,156.09378,100.0,132.96386,728.81831,161.63736,-161.63736,250.0,-161.63736
1.9920318725099602,0.0,158.24012,100.0,133.03984,726.09192,161.44401,-161.44401,251.0,-161.44401
1.9841269841269842,0.0,160.38645,100.0,133.11582,723.36553,161.25066,-161.25066,252.0,-161.25066
1.976284584980237,0.0,162.53279,100.0,133.1918,720.63914,161.05731,-161.05731,253.0,-161.05731
1.968503937007874,0.0,164.67913,100.0,133.26778,717.91275,160.86396,-160.86396,254.0,-160.86396
1.9607843137254901,0.0,166.82547,100.0,133.34376,715.18636,160.67061,-160.67061,255.0,-160.67061
1.953125,0.0,168.97181,100.0,133.41973,712.45997,160.47726,-160.47726,256.0,-160.47726
1.9455252918287937,0.0,171.11815,100.0,133.49571,709.73358,160.28391,-160.28391,257.0,-160.28391
1.937984496124031,0.0,173.26449,100.0,133.57169,707.00719,160.09056,-160.09056,258.0,-160.09056
1.9305019305019304,0.0,175.41083,100.0,133.64767,704.28081,159.89721,-159.89721,259.0,-159.89721
1.9230769230769231,0.0,177.55717,100.0,133.72365,701.55442,159.70386,-159.70386,260.0,-159.70386
1.9157088122605364,0.0,179.70351,100.0,133.79963,698.82803,159.51051,-159.51051,261.0,-159.51051
1.9083969465648856,0.0,181.84985,100.0,133.87561,696.10164,159.31716,-159.31716,262.0,-159.31716
1.9011406844106464,0.0,183.99619,100.0,133.95159,693.37525,159.12381,-159.12381,263.0,-159.12381
1.893939393939394,0.0,186.14253,100.0,134.02757,690.64886,158.93046,-158.93046,264.0,-158.93046
1.8867924528301887,0.0,188.28887,100.0,134.10355,687.92247,158.73711,-158.73711,265.0,-158.73711
1.8796992481203008,0.0,190.43521,100.0,134.17953,685.19608,158.54376,-158.54376,266.0,-158.54376
1.8726591760299625,0.0,192.58154,100.0,134.25551,682.46969,158.35041,-158.35041,267.0,-158.35041
1.8656716417910448,0.0,194.72788,100.0,134.33149,679.7433,158.15706,-158.15706,268.0,-158.15706
1.858736059479554,0.0,196.87422,100.0,134.40747,677.01691,157.96371,-157.96371,269.0,-157.96371
1.8518518518518519,0.0,199.02056,100.0,134.48345,674.29052,157.77036,-157.77036,270.0,-157.77036
1.845018450184502,0.0,201.1669,100.0,134.55942,671.56413,157.57701,-157.57701,271.0,-157.57701
1.838235294117647,0.0,203.31324,100.0,134.6354,668.83774,157.38366,-157.38366,272.0,-157.38366
1.8315018315018314,0.0,205.45958,100.0,134.71138,666.11135,157.19031,-157.19031,273.0,-157.19031
1.8248175182481752,0.0,207.60592,100.0,134.78736,663.38496,156.99696,-156.99696,274.0,-156.99696
1.8181818181818181,0.0,209.75226,100.0,134.86334,660.65857,156.80361,-156.80361,275.0,-156.80361
1.8115942028985508,0.0,211.8986,100.0,134.93932,657.93218,156.61026,-156.61026,276.0,-156.61026
1.8050541516245486,0.0,214.04494,100.0,135.0153,655.20579,156.41691,-156.41691,277.0,-156.41691
1.7985611510791366,0.0,216.19128,100.0,135.09128,652.4794,156.22356,-156.22356,278.0,-156.22356
1.7921146953405018,0.0,218.33762,100.0,135.16726,649.75301,156.03021,-156.03021,279.0,-156.03021
1.7857142857142858,0.0,220.48396,100.0,135.24324,647.02663,155.83686,-155.83686,280.0,-155.83686
1.7793594306049823,0.0,222.63029,100.0,135.31922,644.30024,155.64351,-155.64351,281.0,-155.64351
1.7730496453900708,0.0,224.77663,100.0,135.3952,641.57385,155.45016,-155.45016,282.0,-155.45016
1.7667844522968197,0.0,226.92297,100.0,135.47118,638.84746,155.25681,-155.25681,283.0,-155.25681
1.7605633802816902,0.0,229.06931,100.0,135.54716,636.12107,155.06346,-155.06346,284.0,-155.06346
1.7543859649122806,0.0,231.21565,100.0,135.62314,633.39468,154.87011,-154.87011,285.0,-154.87011
1.7482517482517483,0.0,233.36199,100.0,135.69911,630.66829,154.67676,-154.67676,286.0,-154.67676
1.7421602787456445,0.0,235.50833,100.0,135.77509,627.9419,154.48341,-154.48341,287.0,-154.48341
1.7361111111111112,0.0,237.65467,100.0,135.85107,625.21551,154.29006,-154.29006,288.0,-154.29006
1.7301038062283738,0.0,239.80101,100.0,135.92705,622.48912,154.09671,-154.09671,289.0,-154.09671
1.7241379310344827,0.0,241.94735,100.0,136.00303,619.76273,153.90336,-153.90336,290.0,-153.90336
1.7182130584192439,0.0,244.09369,100.0,136.07901,617.03634,153.71001,-153.71001,291.0,-153.71001
1.7123287671232876,0.0,246.24003,100.0,136.15499,614.30995,153.51666,-153.51666,292.0,-153.51666
1.7064846416382253,0.0,248.38637,100.0,136.23097,611.58356,153.32331,-153.32331,293.0,-153.32331
1.7006802721088434,0.0,250.53271,100.0,136.30695,608.85717,153.12996,-153.12996,294.0,-153.12996
1.694915254237288,0.0,252.67904,100.0,136.38293,606.13078,152.93661,-152.93661,295.0,-152.93661
1.6891891891891893,0.0,254.82538,100.0,136.45891,603.40439,152.74326,-152.74326,296.0,-152.74326
1.6835016835016836,0.0,256.97172,100.0,136.53489,600.678,152.54991,-152.54991,297.0,-152.54991
1.6778523489932886,0.0,259.11806,100.0,136.61087,597.95161,152.35656,-152.35656,298.0,-152.35656
1.6722408026755853,0.0,261.2644,100.0,136.68685,595.22522,152.16321,-152.16321,299.0,-152.16321
1.6666666666666667,0.0,263.41074,100.0,136.76283,592.49883,151.96986,-151.96986,300.0,-151.96986
1.6611295681063123,0.0,265.55708,100.0,136.83881,589.77244,151.77651,-151.77651,301.0,-151.77651
1.6556291390728477,0.0,267.70342,100.0,136.91478,587.04606,151.58316,-151.58316,302.0,-151.58316
1.6501650165016502,0.0,269.84976,100.0,136.99076,584.31967,151.38981,-151.38981,303.0,-151.38981
1.644736842105263,0.0,271.9961,100.0,137.06674,581.59328,151.19646,-151.19646,304.0,-151.19646
1.639344262295082,0.0,274.14244,100.0,137.14272,578.86689,151.00311,-151.00311,305.0,-151.00311
1.6339869281045751,0.0,276.28878,100.0,137.2187,576.1405,150.80976,-150.80976,306.0,-150.80976
1.6286644951140066,0.0,278.43512,100.0,137.29468,573.41411,150.61641,-150.61641,307.0,-150.61641
1.6233766233766234,0.0,280.58146,100.0,137.37066,570.68772,150.42306,-150.42306,308.0,-150.42306
1.6181229773462784,0.0,282.7278,100.0,137.44664,567.96133,150.22971,-150.22971,309.0,-150.22971
1.6129032258064515,0.0,284.87413,100.0,137.52262,565.23494,150.03636,-150.03636,310.0,-150.03636
1.607717041800643,0.0,287.02047,100.0,137.5986,562.50855,149.84301,-149.84301,311.0,-149.84301
1.6025641025641026,0.0,289.16681,100.0,137.67458,559.78216,149.64966,-149.64966,312.0,-149.64966
1.597444089456869,0.0,291.31315,100.0,137.75056,557.05577,149.45631,-149.45631,313.0,-149.45631
1.5923566878980893,0.0,293.45949,100.0,137.82654,554.32938,149.26296,-149.26296,314.0,-149.26296
1.5873015873015872,0.0,295.60583,100.0,137.90252,551.60299,149.06961,-149.06961,315.0,-149.06961
1.5822784810126582,0.0,297.75217,100.0,137.9785,548.8766,148.87626,-148.87626,316.0,-148.87626
1.5772870662460567,0.0,299.89851,100.0,138.05447,546.15021,148.68291,-148.68291,317.0,-148.68291
1.5723270440251573,0.0,302.04485,100.0,138.13045,543.42382,148.48956,-148.48956,318.0,-148.48956
1.567398119122257,0.0,304.19119,100.0,138.20643,540.69743,148.29621,-148.29621,319.0,-148.29621
1.5625,0.0,306.33753,100.0,138.28241,537.97104,148.10286,-148.10286,320.0,-148.10286
1.557632398753894,0.0,308.48387,100.0,138.35839,535.24465,147.90951,-147.90951,321.0,-147.90951
1.5527950310559007,0.0,310.63021,100.0,138.43437,532.51826,147.71616,-147.71616,322.0,-147.71616
1.5479876160990713,0.0,312.77655,100.0,138.51035,529.79188,147.52281,-147.52281,323.0,-147.52281
1.5432098765432098,0.0,314.92288,100.0,138.58633,527.06549,147.32946,-147.32946,324.0,-147.32946
1.5384615384615385,0.0,317.06922,100.0,138.66231,524.3391,147.13611,-147.13611,325.0,-147.13611
1.5337423312883436,0.0,319.21556,100.0,138.73829,521.61271,146.94276,-146.94276,326.0,-146.94276
1.529051987767584,0.0,321.3619,100.0,138.81427,518.88632,146.74941,-146.74941,327.0,-146.74941
1.524390243902439,0.0,323.50824,100.0,138.89025,516.15993,146.55606,-146.55606,328.0,-146.55606
1.5197568389057752,0.0,325.65458,100.0,138.96623,513.43354,146.36271,-146.36271,329.0,-146.36271
1.5151515151515151,0.0,327.80092,100.0,139.04221,510.70715,146.16936,-146.16936,330.0,-146.16936
1.5105740181268883,0.0,329.94726,100.0,139.11819,507.98076,145.97601,-145.97601,331.0,-145.97601
1.5060240963855422,0.0,332.0936,100.0,139.19416,505.25437,145.78266,-145.78266,332.0,-145.78266
1.5015015015015014,0.0,334.23994,100.0,139.27014,502.52798,145.58931,-145.58931,333.0,-145.58931
1.4970059880239521,0.0,336.38628,100.0,139.34612,499.80159,145.39596,-145.39596,334.0,-145.39596
1.492537313432836,0.0,338.53262,100.0,139.4221,497.0752,145.20261,-145.20261,335.0,-145.20261
1.4880952380952381,0.0,340.67896,100.0,139.49808,494.34881,145.00926,-145.00926,336.0,-145.00926
1.4836795252225519,0.0,342.8253,100.0,139.57406,491.62242,144.81591,-144.81591,337.0,-144.81591
1.4792899408284024,0.0,344.97163,100.0,139.65004,488.89603,144.62256,-144.62256,338.0,-144.62256
1.4749262536873156,0.0,347.11797,100.0,139.72602,486.16964,144.42921,-144.42921,339.0,-144.42921
1.4705882352941178,0.0,349.26431,100.0,139.802,483.44325,144.23586,-144.23586,340.0,-144.23586
1.466275659824047,0.0,351.41065,100.0,139.87798,480.71686,144.04251,-144.04251,341.0,-144.04251
1.4619883040935673,0.0,353.55699,100.0,139.95396,477.99047,143.84916,-143.84916,342.0,-143.84916
1.4577259475218658,0.0,355.70333,100.0,140.02994,475.26408,143.65581,-143.65581,343.0,-143.65581
1.4534883720930232,0.0,357.84967,100.0,140.10592,472.53769,143.46246,-143.46246,344.0,-143.46246
1.4492753623188406,0.0,359.99601,100.0,140.1819,469.81131,143.26911,-143.26911,345.0,-143.26911
1.4450867052023122,0.0,362.14235,100.0,140.25788,467.08492,143.07575,-143.07575,346.0,-143.07575
1.440922190201729,0.0,364.28869,100.0,140.33386,464.35853,142.8824,-142.8824,347.0,-142.8824
1.4367816091954022,0.0,366.43503,100.0,140.40983,461.63214,142.68905,-142.68905,348.0,-142.68905
1.4326647564469914,0.0,368.58137,100.0,140.48581,458.90575,142.4957,-142.4957,349.0,-142.4957
1.4285714285714286,0.0,370.72771,100.0,140.56179,456.17936,142.30235,-142.30235,350.0,-142.30235
1.4245014245014245,0.0,372.87405,100.0,140.63777,453.45297,142.109,-142.109,351.0,-142.109
1.4204545454545454,0.0,375.02039,100.0,140.71375,450.72658,141.91565,-141.91565,352.0,-141.91565
1.4164305949008498,0.0,377.16672,100.0,140.78973,448.00019,141.7223,-141.7223,353.0,-141.7223
1.4124293785310735,0.0,379.31306,100.0,140.86571,445.2738,141.52895,-141.52895,354.0,-141.52895
1.408450704225352,0.0,381.4594,100.0,140.94169,442.54741,141.3356,-141.3356,355.0,-141.3356
1.404494382022472,0.0,383.60574,100.0,141.01767,439.82102,141.14225,-141.14225,356.0,-141.14225
1.4005602240896358,0.0,385.75208,100.0,141.09365,437.09463,140.9489,-140.9489,357.0,-140.9489
1.3966480446927374,0.0,387.89842,100.0,141.16963,434.36824,140.75555,-140.75555,358.0,-140.75555
1.392757660167131,0.0,390.04476,100.0,141.24561,431.64185,140.5622,-140.5622,359.0,-140.5622
1.3888888888888888,0.0,392.1911,100.0,141.32159,428.91546,140.36885,-140.36885,360.0,-140.36885
1.3850415512465375,0.0,394.33744,100.0,141.39757,426.18907,140.1755,-140.1755,361.0,-140.1755
1.3812154696132597,0.0,396.48378,100.0,141.47355,423.46268,139.98215,-139.98215,362.0,-139.98215
1.3774104683195592,0.0,398.63012,100.0,141.54952,420.73629,139.7888,-139.7888,363.0,-139.7888
1.3736263736263736,0.0,400.77646,100.0,141.6255,418.0099,139.59545,-139.59545,364.0,-139.59545
1.36986301369863,0.0,402.9228,100.0,141.70148,415.28351,139.4021,-139.4021,365.0,-139.4021
1.366120218579235,0.0,405.06914,100.0,141.77746,412.55713,139.20875,-139.20875,366.0,-139.20875
1.3623978201634876,0.0,407.21547,100.0,141.85344,409.83074,139.0154,-139.0154,367.0,-139.0154
1.358695652173913,0.0,409.36181,100.0,141.92942,407.10435,138.82205,-138.82205,368.0,-138.82205
1.3550135501355014,0.0,411.50815,100.0,142.0054,404.37796,138.6287,-138.6287,369.0,-138.6287
1.3513513513513513,0.0,413.65449,100.0,142.08138,401.65157,138.43535,-138.43535,370.0,-138.43535
1.3477088948787062,0.0,415.80083,100.0,142.15736,398.92518,138.242,-138.242,371.0,-138.242
1.3440860215053763,0.0,417.94717,100.0,142.23334,396.19879,138.04865,-138.04865,372.0,-138.04865
1.3404825737265416,0.0,420.09351,100.0,142.30932,393.4724,137.8553,-137.8553,373.0,-137.8553
1.3368983957219251,0.0,422.23985,100.0,142.3853,390.74601,137.66195,-137.66195,374.0,-137.66195
1.3333333333333333,0.0,424.38619,100.0,142.46128,388.01962,137.4686,-137.4686,375.0,-137.4686
1.3297872340425532,0.0,426.53253,100.0,142.53726,385.29323,137.27525,-137.27525,376.0,-137.27525
1.3262599469496021,0.0,428.67887,100.0,142.61324,382.56684,137.0819,-137.0819,377.0,-137.0819
1.3227513227513228,0.0,430.82521,100.0,142.68921,379.84045,136.88855,-136.88855,378.0,-136.88855
1.3192612137203166,0.0,432.97155,100.0,142.76519,377.11406,136.6952,-136.6952,379.0,-136.6952
1.3157894736842106,0.0,435.11789,100.0,142.84117,374.38767,136.50185,-136.50185,380.0,-136.50185
1.3123359580052494,0.0,437.26422,100.0,142.91715,371.66128,136.3085,-136.3085,381.0,-136.3085
1.3089005235602094,0.0,439.41056,100.0,142.99313,368.93489,136.11515,-136.11515,382.0,-136.11515
1.3054830287206267,0.0,441.5569,100.0,143.06911,366.2085,135.9218,-135.9218,383.0,-135.9218
1.3020833333333333,0.0,443.70324,100.0,143.14509,363.48211,135.72845,-135.72845,384.0,-135.72845
1.2987012987012987,0.0,445.84958,100.0,143.22107,360.75572,135.5351,-135.5351,385.0,-135.5351
1.2953367875647668,0.0,447.99592,100.0,143.29705,358.02933,135.34175,-135.34175,386.0,-135.34175
1.2919896640826873,0.0,450.14226,100.0,143.37303,355.30294,135.1484,-135.1484,387.0,-135.1484
1.288659793814433,0.0,452.2886,100.0,143.44901,352.57656,134.95505,-134.95505,388.0,-134.95505
1.2853470437017995,0.0,454.43494,100.0,143.52499,349.85017,134.7617,-134.7617,389.0,-134.7617
1.2820512820512822,0.0,456.58128,100.0,143.60097,347.12378,134.56835,-134.56835,390.0,-134.56835
1.278772378516624,0.0,458.72762,100.0,143.67695,344.39739,134.375,-134.375,391.0,-134.375
1.2755102040816326,0.0,460.87396,100.0,143.75293,341.671,134.18165,-134.18165,392.0,-134.18165
1.272264631043257,0.0,463.0203,100.0,143.82891,338.94461,133.9883,-133.9883,393.0,-133.9883
1.2690355329949239,0.0,465.16664,100.0,143.90488,336.21822,133.79495,-133.79495,394.0,-133.79495
1.2658227848101267,0.0,467.31297,100.0,143.98086,333.49183,133.6016,-133.6016,395.0,-133.6016
1.2626262626262625,0.0,469.45931,100.0,144.05684,330.76544,133.40825,-133.40825,396.0,-133.40825
1.2594458438287153,0.0,471.60565,100.0,144.13282,328.03905,133.2149,-133.2149,397.0,-133.2149
1.256281407035176,0.0,473.75199,100.0,144.2088,325.31266,133.02155,-133.02155,398.0,-133.02155
1.2531328320802004,0.0,475.89833,100.0,144.28478,322.58627,132.8282,-132.8282,399.0,-132.8282
1.25,0.0,478.04467,100.0,144.36076,319.85988,132.63485,-132.63485,400.0,-132.63485
1.2468827930174564,0.0,480.19101,100.0,144.43674,317.13349,132.4415,-132.4415,401.0,-132.4415
1.243781094527363,0.0,482.33735,100.0,144.51272,314.4071,132.24815,-132.24815,402.0,-132.24815
1.2406947890818858,0.0,484.48369,100.0,144.5887,311.68071,132.0548,-132.0548,403.0,-132.0548
1.2376237623762376,0.0,486.63003,100.0,144.66468,308.95432,131.86145,-131.86145,404.0,-131.86145
1.2345679012345678,0.0,488.77637,100.0,144.74066,306.22793,131.6681,-131.6681,405.0,-131.6681
1.2315270935960592,0.0,490.92271,100.0,144.81664,303.50154,131.47475,-131.47475,406.0,-131.47475
1.2285012285012284,0.0,493.06905,100.0,144.89262,300.77515,131.2814,-131.2814,407.0,-131.2814
1.2254901960784315,0.0,495.21539,100.0,144.9686,298.04876,131.08805,-131.08805,408.0,-131.08805
1.2224938875305624,0.0,497.36173,100.0,145.04457,295.32237,130.8947,-130.8947,409.0,-130.8947
1.2195121951219512,0.0,499.50806,100.0,145.12055,292.59599,130.70135,-130.70135,410.0,-130.70135
1.2165450121654502,0.0,501.6544,100.0,145.19653,289.8696,130.508,-130.508,411.0,-130.508
1.2135922330097086,0.0,503.80074,100.0,145.27251,287.14321,130.31465,-130.31465,412.0,-130.31465
1.2106537530266344,0.0,505.94708,100.0,145.34849,284.41682,130.1213,-130.1213,413.0,-130.1213
1.2077294685990339,0.0,508.09342,100.0,145.42447,281.69043,129.92795,-129.92795,414.0,-129.92795
1.2048192771084338,0.0,510.23976,100.0,145.50045,278.96404,129.7346,-129.7346,415.0,-129.7346
1.2019230769230769,0.0,512.3861,100.0,145.57643,276.23765,129.54125,-129.54125,416.0,-129.54125
1.1990407673860912,0.0,514.53244,100.0,145.65241,273.51126,129.3479,-129.3479,417.0,-129.3479
1.1961722488038278,0.0,516.67878,100.0,145.72839,270.78487,129.15455,-129.15455,418.0,-129.15455
1.1933174224343674,0.0,518.82512,100.0,145.80437,268.05848,128.9612,-128.9612,419.0,-128.9612
1.1904761904761905,0.0,520.97146,100.0,145.88035,265.33209,128.76785,-128.76785,420.0,-128.76785
1.187648456057007,0.0,523.1178,100.0,145.95633,262.6057,128.5745,-128.5745,421.0,-128.5745
1.1848341232227488,0.0,525.26414,100.0,146.03231,259.87931,128.38115,-128.38115,422.0,-128.38115
1.1820330969267139,0.0,527.41048,100.0,146.10829,257.15292,128.1878,-128.1878,423.0,-128.1878
1.179245283018868,0.0,529.55681,100.0,146.18426,254.42653,127.99445,-127.99445,424.0,-127.99445
1.1764705882352942,0.0,531.70315,100.0,146.26024,251.70014,127.8011,-127.8011,425.0,-127.8011
1.1737089201877935,0.0,533.84949,100.0,146.33622,248.97375,127.60775,-127.60775,426.0,-127.60775
1.17096018735363,0.0,535.99583,100.0,146.4122,246.24736,127.4144,-127.4144,427.0,-127.4144
1.1682242990654206,0.0,538.14217,100.0,146.48818,243.52097,127.22105,-127.22105,428.0,-127.22105
1.1655011655011656,0.0,540.28851,100.0,146.56416,240.79458,127.0277,-127.0277,429.0,-127.0277
1.1627906976744187,0.0,542.43485,100.0,146.64014,238.06819,126.83435,-126.83435,430.0,-126.83435
1.160092807424594,0.0,544.58119,100.0,146.71612,235.34181,126.641,-126.641,431.0,-126.641
1.1574074074074074,0.0,546.72753,100.0,146.7921,232.61542,126.44765,-126.44765,432.0,-126.44765
1.1547344110854503,0.0,548.87387,100.0,146.86808,229.88903,126.2543,-126.2543,433.0,-126.2543
1.152073732718894,0.0,551.02021,100.0,146.94406,227.16264,126.06095,-126.06095,434.0,-126.06095
1.1494252873563218,0.0,553.16655,100.0,147.02004,224.43625,125.8676,-125.8676,435.0,-125.8676
1.146788990825688,0.0,555.31289,100.0,147.09602,221.70986,125.67425,-125.67425,436.0,-125.67425
1.1441647597254005,0.0,557.45923,100.0,147.172,218.98347,125.4809,-125.4809,437.0,-125.4809
1.1415525114155252,0.0,559.60556,100.0,147.24798,216.25708,125.28755,-125.28755,438.0,-125.28755
1.1389521640091116,0.0,561.7519,100.0,147.32396,213.53069,125.0942,-125.0942,439.0,-125.0942
1.1363636363636365,0.0,563.89824,100.0,147.39993,210.8043,124.90085,-124.90085,440.0,-124.90085
1.1337868480725624,0.0,566.04458,100.0,147.47591,208.07791,124.7075,-124.7075,441.0,-124.7075
1.1312217194570136,0.0,568.19092,100.0,147.55189,205.35152,124.51415,-124.51415,442.0,-124.51415
1.1286681715575622,0.0,570.33726,100.0,147.62787,202.62513,124.3208,-124.3208,443.0,-124.3208
1.1261261261261262,0.0,572.4836,100.0,147.70385,199.89874,124.12745,-124.12745,444.0,-124.12745
1.1235955056179776,0.0,574.62994,100.0,147.77983,197.17235,123.9341,-123.9341,445.0,-123.9341
1.1210762331838564,0.0,576.77628,100.0,147.85581,194.44596,123.74075,-123.74075,446.0,-123.74075
1.1185682326621924,0.0,578.92262,100.0,147.93179,191.71957,123.5474,-123.5474,447.0,-123.5474
1.1160714285714286,0.0,581.06896,100.0,148.00777,188.99318,123.35405,-123.35405,448.0,-123.35405
1.1135857461024499,0.0,583.2153,100.0,148.08375,186.26679,123.1607,-123.1607,449.0,-123.1607
1.1111111111111112,0.0,585.36164,100.0,148.15973,183.5404,122.96735,-122.96735,450.0,-122.96735
1.1086474501108647,0.0,587.50798,100.0,148.23571,180.81401,122.774,-122.774,451.0,-122.774
1.1061946902654867,0.0,589.65432,100.0,148.31169,178.08762,122.58065,-122.58065,452.0,-122.58065
1.1037527593818985,0.0,591.80065,100.0,148.38767,175.36124,122.3873,-122.3873,453.0,-122.3873
1.1013215859030836,0.0,593.94699,100.0,148.46365,172.63485,122.19395,-122.19395,454.0,-122.19395
1.098901098901099,0.0,596.09333,100.0,148.53962,169.90846,122.0006,-122.0006,455.0,-122.0006
1.0964912280701755,0.0,598.23967,100.0,148.6156,167.18207,121.80725,-121.80725,456.0,-121.80725
1.0940919037199124,0.0,600.38601,100.0,148.69158,164.45568,121.6139,-121.6139,457.0,-121.6139
1.091703056768559,0.0,602.53235,100.0,148.76756,161.72929,121.42055,-121.42055,458.0,-121.42055
1.0893246187363834,0.0,604.67869,100.0,148.84354,159.0029,121.2272,-121.2272,459.0,-121.2272
1.0869565217391304,0.0,606.82503,100.0,148.91952,156.27651,121.03385,-121.03385,460.0,-121.03385
1.0845986984815619,0.0,608.97137,100.0,148.9955,153.55012,120.8405,-120.8405,461.0,-120.8405
1.0822510822510822,0.0,611.11771,100.0,149.07148,150.82373,120.64715,-120.64715,462.0,-120.64715
1.079913606911447,0.0,613.26405,100.0,149.14746,148.09734,120.4538,-120.4538,463.0,-120.4538
1.0775862068965518,0.0,615.41039,100.0,149.22344,145.37095,120.26045,-120.26045,464.0,-120.26045
1.075268817204301,0.0,617.55673,100.0,149.29942,142.64456,120.0671,-120.0671,465.0,-120.0671
1.0729613733905579,0.0,619.70307,100.0,149.3754,139.91817,119.87375,-119.87375,466.0,-119.87375
1.0706638115631693,0.0,621.8494,100.0,149.45138,137.19178,119.6804,-119.6804,467.0,-119.6804
1.0683760683760684,0.0,623.99574,100.0,149.52736,134.46539,119.48705,-119.48705,468.0,-119.48705
1.0660980810234542,0.0,626.14208,100.0,149.60334,131.739,119.2937,-119.2937,469.0,-119.2937
1.0638297872340425,0.0,628.28842,100.0,149.67931,129.01261,119.10035,-119.10035,470.0,-119.10035
1.0615711252653928,0.0,630.43476,100.0,149.75529,126.28622,118.907,-118.907,471.0,-118.907
1.0593220338983051,0.0,632.5811,100.0,149.83127,123.55983,118.71365,-118.71365,472.0,-118.71365
1.0570824524312896,0.0,634.72744,100.0,149.90725,120.83344,118.5203,-118.5203,473.0,-118.5203
1.0548523206751055,0.0,636.87378,100.0,149.98323,118.10706,118.32694,-118.32694,474.0,-118.32694
1.0526315789473684,0.0,639.02012,100.0,150.05921,115.38067,118.13359,-118.13359,475.0,-118.13359
1.050420168067227,0.0,641.16646,100.0,150.13519,112.65428,117.94024,-117.94024,476.0,-117.94024
1.0482180293501049,0.0,643.3128,100.0,150.21117,109.92789,117.74689,-117.74689,477.0,-117.74689
1.0460251046025104,0.0,645.45914,100.0,150.28715,107.2015,117.55354,-117.55354,478.0,-117.55354
1.0438413361169103,0.0,647.60548,100.0,150.36313,104.47511,117.36019,-117.36019,479.0,-117.36019
1.0416666666666667,0.0,649.75182,100.0,150.43911,101.74872,117.16684,-117.16684,480.0,-117.16684
1.0395010395010396,0.0,651.89815,100.0,150.51509,99.022328,116.97349,-116.97349,481.0,-116.97349
1.037344398340249,0.0,654.04449,100.0,150.59107,96.295939,116.78014,-116.78014,482.0,-116.78014
1.0351966873706004,0.0,656.19083,100.0,150.66705,93.569549,116.58679,-116.58679,483.0,-116.58679
1.0330578512396693,0.0,658.33717,100.0,150.74303,90.84316,116.39344,-116.39344,484.0,-116.39344
1.0309278350515463,0.0,660.48351,100.0,150.81901,88.11677,116.20009,-116.20009,485.0,-116.20009
1.02880658436214,0.0,662.62985,100.0,150.89498,85.390381,116.00674,-116.00674,486.0,-116.00674
1.0266940451745379,0.0,664.77619,100.0,150.97096,82.663991,115.81339,-115.81339,487.0,-115.81339
1.0245901639344261,0.0,666.92253,100.0,151.04694,79.937602,115.62004,-115.62004,488.0,-115.62004
1.0224948875255624,0.0,669.06887,100.0,151.12292,77.211212,115.42669,-115.42669,489.0,-115.42669
1.0204081632653061,0.0,671.21521,100.0,151.1989,74.484823,115.23334,-115.23334,490.0,-115.23334
1.0183299389002036,0.0,673.36155,100.0,151.27488,71.758433,115.03999,-115.03999,491.0,-115.03999
1.016260162601626,0.0,675.50789,100.0,151.35086,69.032043,114.84664,-114.84664,492.0,-114.84664
1.0141987829614605,0.0,677.65423,100.0,151.42684,66.305654,114.65329,-114.65329,493.0,-114.65329
1.0121457489878543,0.0,679.80057,100.0,151.50282,63.579264,114.45994,-114.45994,494.0,-114.45994
1.0101010101010102,0.0,681.94691,100.0,151.5788,60.852875,114.26659,-114.26659,495.0,-114.26659
1.0080645161290323,0.0,684.09324,100.0,151.65478,58.126485,114.07324,-114.07324,496.0,-114.07324
1.0060362173038229,0.0,686.23958,100.0,151.73076,55.400096,113.87989,-113.87989,497.0,-113.87989
1.0040160642570282,0.0,688.38592,100.0,151.80674,52.673706,113.68654,-113.68654,498.0,-113.68654
1.002004008016032,0.0,690.53226,100.0,151.88272,49.947317,113.49319,-113.49319,499.0,-113.49319
1.0,0.0,692.6786,100.0,151.9587,47.220927,113.29984,-113.29984,500.0,-113.29984
0.998003992015968,0.0,694.82494,100.0,152.03467,44.494538,113.10649,-113.10649,501.0,-113.10649
0.9960159362549801,0.0,696.97128,100.0,152.11065,41.768148,112.91314,-112.91314,502.0,-112.91314
0.9940357852882704,0.0,699.11762,100.0,152.18663,39.041759,112.71979,-112.71979,503.0,-112.71979
0.9920634920634921,0.0,701.26396,100.0,152.26261,36.315369,112.52644,-112.52644,504.0,-112.52644
0.9900990099009901,0.0,703.4103,100.0,152.33859,33.588979,112.33309,-112.33309,505.0,-112.33309
0.9881422924901185,0.0,705.55664,100.0,152.41457,30.86259,112.13974,-112.13974,506.0,-112.13974
0.9861932938856016,0.0,707.70298,100.0,152.49055,28.1362,111.94639,-111.94639,507.0,-111.94639
0.984251968503937,0.0,709.84932,100.0,152.56653,25.409811,111.75304,-111.75304,508.0,-111.75304
0.9823182711198428,0.0,711.99566,100.0,152.64251,22.683421,111.55969,-111.55969,509.0,-111.55969
0.9803921568627451,0.0,714.14199,100.0,152.71849,19.957032,111.36634,-111.36634,510.0,-111.36634
0.9784735812133072,0.0,716.28833,100.0,152.79447,17.230642,111.17299,-111.17299,511.0,-111.17299
0.9765625,0.0,718.43467,100.0,152.87045,14.504253,110.97964,-110.97964,512.0,-110.97964
0.9746588693957114,0.0,720.58101,100.0,152.94643,11.777863,110.78629,-110.78629,513.0,-110.78629
0.9727626459143969,0.0,722.72735,100.0,153.02241,9.0514736,110.59294,-110.59294,514.0,-110.59294
0.970873786407767,0.0,724.87369,100.0,153.09839,6.3250841,110.39959,-110.39959,515.0,-110.39959
0.9689922480620154,0.0,727.02003,100.0,153.17436,3.5986946,110.20624,-110.20624,516.0,-110.20624
0.9671179883945842,0.0,729.16637,100.0,153.25034,0.87230502,110.01289,-110.01289,517.0,-110.01289
0.9652509652509652,1.8540845,729.45862,100.0,153.32632,0.0,109.81954,-109.81954,518.0,-109.81954
0.9633911368015414,4.580474,728.87857,100.0,153.4023,0.0,109.62619,-109.62619,519.0,-109.62619
0.9615384615384616,7.3068636,728.29852,100.0,153.47828,0.0,109.43284,-109.43284,520.0,-109.43284
0.9596928982725528,10.033253,727.71847,100.0,153.55426,0.0,109.23949,-109.23949,521.0,-109.23949
0.9578544061302682,12.759643,727.13842,100.0,153.63024,0.0,109.04614,-109.04614,522.0,-109.04614
0.9560229445506692,15.486032,726.55837,100.0,153.70622,0.0,108.85279,-108.85279,523.0,-108.85279
0.9541984732824428,18.212422,725.97832,100.0,153.7822,0.0,108.65944,-108.65944,524.0,-108.65944
0.9523809523809523,20.938811,725.39827,100.0,153.85818,0.0,108.46609,-108.46609,525.0,-108.46609
0.9505703422053232,23.665201,724.81822,100.0,153.93416,0.0,108.27274,-108.27274,526.0,-108.27274
0.9487666034155597,26.39159,724.23817,100.0,154.01014,0.0,108.07939,-108.07939,527.0,-108.07939
0.946969696969697,29.11798,723.65812,100.0,154.08612,0.0,107.88604,-107.88604,528.0,-107.88604
0.945179584120983,31.844369,723.07807,100.0,154.1621,0.0,107.69269,-107.69269,529.0,-107.69269
0.9433962264150944,34.570759,722.49802,100.0,154.23808,0.0,107.49934,-107.49934,530.0,-107.49934
0.9416195856873822,37.297148,721.91797,100.0,154.31406,0.0,107.30599,-107.30599,531.0,-107.30599
0.9398496240601504,40.023538,721.33792,100.0,154.39003,0.0,107.11264,-107.11264,532.0,-107.11264
0.9380863039399625,42.749928,720.75787,100.0,154.46601,0.0,106.91929,-106.91929,533.0,-106.91929
0.9363295880149812,45.476317,720.17782,100.0,154.54199,0.0,106.72594,-106.72594,534.0,-106.72594
0.9345794392523364,48.202707,719.59777,100.0,154.61797,0.0,106.53259,-106.53259,535.0,-106.53259
0.9328358208955224,50.929096,719.01772,100.0,154.69395,0.0,106.33924,-106.33924,536.0,-106.33924
0.931098696461825,53.655486,718.43767,100.0,154.76993,0.0,106.14589,-106.14589,537.0,-106.14589
0.929368029739777,56.381875,717.85762,100.0,154.84591,0.0,105.95254,-105.95254,538.0,-105.95254
0.9276437847866419,59.108265,717.27757,100.0,154.92189,0.0,105.75919,-105.75919,539.0,-105.75919
0.9259259259259259,61.834654,716.69752,100.0,154.99787,0.0,105.56584,-105.56584,540.0,-105.56584
0.9242144177449169,64.561044,716.11747,100.0,155.07385,0.0,105.37249,-105.37249,541.0,-105.37249
0.922509225092251,67.287433,715.53742,100.0,155.14983,0.0,105.17914,-105.17914,542.0,-105.17914
0.9208103130755064,70.013823,714.95737,100.0,155.22581,0.0,104.98579,-104.98579,543.0,-104.98579
0.9191176470588235,72.740212,714.37732,100.0,155.30179,0.0,104.79244,-104.79244,544.0,-104.79244
0.9174311926605505,75.466602,713.79727,100.0,155.37777,0.0,104.59909,-104.59909,545.0,-104.59909
0.9157509157509157,78.192992,713.21722,100.0,155.45375,0.0,104.40574,-104.40574,546.0,-104.40574
0.9140767824497258,80.919381,712.63717,100.0,155.52972,0.0,104.21239,-104.21239,547.0,-104.21239
0.9124087591240876,83.645771,712.05712,100.0,155.6057,0.0,104.01904,-104.01904,548.0,-104.01904
0.9107468123861566,86.37216,711.47707,100.0,155.68168,0.0,103.82569,-103.82569,549.0,-103.82569
0.9090909090909091,89.09855,710.89702,100.0,155.75766,0.0,103.63234,-103.63234,550.0,-103.63234
0.9074410163339383,91.824939,710.31697,100.0,155.83364,0.0,103.43899,-103.43899,551.0,-103.43899
0.9057971014492754,94.551329,709.73692,100.0,155.90962,0.0,103.24564,-103.24564,552.0,-103.24564
0.9041591320072333,97.277718,709.15687,100.0,155.9856,0.0,103.05229,-103.05229,553.0,-103.05229
0.9025270758122743,100.00411,708.57682,100.0,156.06158,0.0,102.85894,-102.85894,554.0,-102.85894
0.9009009009009009,102.7305,707.99677,100.0,156.13756,0.0,102.66559,-102.66559,555.0,-102.66559
0.8992805755395683,105.45689,707.41672,100.0,156.21354,0.0,102.47224,-102.47224,556.0,-102.47224
0.8976660682226212,108.18328,706.83667,100.0,156.28952,0.0,102.27889,-102.27889,557.0,-102.27889
0.8960573476702509,110.90967,706.25662,100.0,156.3655,0.0,102.08554,-102.08554,558.0,-102.08554
0.8944543828264758,113.63606,705.67656,100.0,156.44148,0.0,101.89219,-101.89219,559.0,-101.89219
0.8928571428571429,116.36245,705.09651,100.0,156.51746,0.0,101.69884,-101.69884,560.0,-101.69884
0.8912655971479501,119.08883,704.51646,100.0,156.59344,0.0,101.50549,-101.50549,561.0,-101.50549
0.8896797153024911,121.81522,703.93641,100.0,156.66941,0.0,101.31214,-101.31214,562.0,-101.31214
0.8880994671403197,124.54161,703.35636,100.0,156.74539,0.0,101.11879,-101.11879,563.0,-101.11879
0.8865248226950354,127.268,702.77631,100.0,156.82137,0.0,100.92544,-100.92544,564.0,-100.92544
0.8849557522123894,129.99439,702.19626,100.0,156.89735,0.0,100.73209,-100.73209,565.0,-100.73209
0.8833922261484098,132.72078,701.61621,100.0,156.97333,0.0,100.53874,-100.53874,566.0,-100.53874
0.8818342151675485,135.44717,701.03616,100.0,157.04931,0.0,100.34539,-100.34539,567.0,-100.34539
0.8802816901408451,138.17356,700.45611,100.0,157.12529,0.0,100.15204,-100.15204,568.0,-100.15204
0.8787346221441125,140.89995,699.87606,100.0,157.20127,0.0,99.958687,-99.958687,569.0,-99.958687
0.8771929824561403,143.62634,699.29601,100.0,157.27725,0.0,99.765337,-99.765337,570.0,-99.765337
0.8756567425569177,146.35273,698.71596,100.0,157.35323,0.0,99.571987,-99.571987,571.0,-99.571987
0.8741258741258742,149.07912,698.13591,100.0,157.42921,0.0,99.378637,-99.378637,572.0,-99.378637
0.8726003490401396,151.80551,697.55586,100.0,157.50519,0.0,99.185287,-99.185287,573.0,-99.185287
0.8710801393728222,154.5319,696.97581,100.0,157.58117,0.0,98.991937,-98.991937,574.0,-98.991937
0.8695652173913043,157.25829,696.39576,100.0,157.65715,0.0,98.798587,-98.798587,575.0,-98.798587
0.8680555555555556,159.98468,695.81571,100.0,157.73313,0.0,98.605237,-98.605237,576.0,-98.605237
0.8665511265164645,162.71107,695.23566,100.0,157.80911,0.0,98.411887,-98.411887,577.0,-98.411887
0.8650519031141869,165.43746,694.65561,100.0,157.88508,0.0,98.218537,-98.218537,578.0,-98.218537
0.8635578583765112,168.16385,694.07556,100.0,157.96106,0.0,98.025187,-98.025187,579.0,-98.025187
0.8620689655172413,170.89024,693.49551,100.0,158.03704,0.0,97.831837,-97.831837,580.0,-97.831837
0.8605851979345955,173.61663,692.91546,100.0,158.11302,0.0,97.638487,-97.638487,581.0,-97.638487
0.8591065292096219,176.34301,692.33541,100.0,158.189,0.0,97.445136,-97.445136,582.0,-97.445136
0.8576329331046312,179.0694,691.75536,100.0,158.26498,0.0,97.251786,-97.251786,583.0,-97.251786
0.8561643835616438,181.79579,691.17531,100.0,158.34096,0.0,97.058436,-97.058436,584.0,-97.058436
0.8547008547008547,184.52218,690.59526,100.0,158.41694,0.0,96.865086,-96.865086,585.0,-96.865086
0.8532423208191127,187.24857,690.01521,100.0,158.49292,0.0,96.671736,-96.671736,586.0,-96.671736
0.8517887563884157,189.97496,689.43516,100.0,158.5689,0.0,96.478386,-96.478386,587.0,-96.478386
0.8503401360544217,192.70135,688.85511,100.0,158.64488,0.0,96.285036,-96.285036,588.0,-96.285036
0.8488964346349746,195.42774,688.27506,100.0,158.72086,0.0,96.091686,-96.091686,589.0,-96.091686
0.847457627118644,198.15413,687.69501,100.0,158.79684,0.0,95.898336,-95.898336,590.0,-95.898336
0.8460236886632826,200.88052,687.11496,100.0,158.87282,0.0,95.704986,-95.704986,591.0,-95.704986
0.8445945945945946,203.60691,686.53491,100.0,158.9488,0.0,95.511636,-95.511636,592.0,-95.511636
0.8431703204047217,206.3333,685.95486,100.0,159.02477,0.0,95.318286,-95.318286,593.0,-95.318286
0.8417508417508418,209.05969,685.37481,100.0,159.10075,0.0,95.124936,-95.124936,594.0,-95.124936
0.8403361344537815,211.78608,684.79476,100.0,159.17673,0.0,94.931585,-94.931585,595.0,-94.931585
0.8389261744966443,214.51247,684.21471,100.0,159.25271,0.0,94.738235,-94.738235,596.0,-94.738235
0.8375209380234506,217.23886,683.63466,100.0,159.32869,0.0,94.544885,-94.544885,597.0,-94.544885
0.8361204013377926,219.96525,683.05461,100.0,159.40467,0.0,94.351535,-94.351535,598.0,-94.351535
0.8347245409015025,222.69164,682.47456,100.0,159.48065,0.0,94.158185,-94.158185,599.0,-94.158185
0.8333333333333334,225.41803,681.89451,100.0,159.55663,0.0,93.964835,-93.964835,600.0,-93.964835
0.831946755407654,228.14442,681.31445,100.0,159.63261,0.0,93.771485,-93.771485,601.0,-93.771485
0.8305647840531561,230.87081,680.7344,100.0,159.70859,0.0,93.578135,-93.578135,602.0,-93.578135
0.8291873963515755,233.5972,680.15435,100.0,159.78457,0.0,93.384785,-93.384785,603.0,-93.384785
0.8278145695364238,236.32358,679.5743,100.0,159.86055,0.0,93.191435,-93.191435,604.0,-93.191435
0.8264462809917356,239.04997,678.99425,100.0,159.93653,0.0,92.998085,-92.998085,605.0,-92.998085
0.8250825082508251,241.77636,678.4142,100.0,160.01251,0.0,92.804735,-92.804735,606.0,-92.804735
0.8237232289950577,244.50275,677.83415,100.0,160.08849,0.0,92.611384,-92.611384,607.0,-92.611384
0.8223684210526315,247.22914,677.2541,100.0,160.16446,0.0,92.418034,-92.418034,608.0,-92.418034
0.8210180623973727,249.95553,676.67405,100.0,160.24044,0.0,92.224684,-92.224684,609.0,-92.224684
0.819672131147541,252.68192,676.094,100.0,160.31642,0.0,92.031334,-92.031334,610.0,-92.031334
0.8183306055646481,255.40831,675.51395,100.0,160.3924,0.0,91.837984,-91.837984,611.0,-91.837984
0.8169934640522876,258.1347,674.9339,100.0,160.46838,0.0,91.644634,-91.644634,612.0,-91.644634
0.8156606851549756,260.86109,674.35385,100.0,160.54436,0.0,91.451284,-91.451284,613.0,-91.451284
0.8143322475570033,263.58748,673.7738,100.0,160.62034,0.0,91.257934,-91.257934,614.0,-91.257934
0.8130081300813008,266.31387,673.19375,100.0,160.69632,0.0,91.064584,-91.064584,615.0,-91.064584
0.8116883116883117,269.04026,672.6137,100.0,160.7723,0.0,90.871234,-90.871234,616.0,-90.871234
0.8103727714748784,271.76665,672.03365,100.0,160.84828,0.0,90.677884,-90.677884,617.0,-90.677884
0.8090614886731392,274.49304,671.4536,100.0,160.92426,0.0,90.484534,-90.484534,618.0,-90.484534
0.8077544426494345,277.21943,670.87355,100.0,161.00024,0.0,90.291184,-90.291184,619.0,-90.291184
0.8064516129032258,279.94582,670.2935,100.0,161.07622,0.0,90.097833,-90.097833,620.0,-90.097833
0.8051529790660226,282.67221,669.71345,100.0,161.1522,0.0,89.904483,-89.904483,621.0,-89.904483
0.8038585209003215,285.3986,669.1334,100.0,161.22818,0.0,89.711133,-89.711133,622.0,-89.711133
0.8025682182985554,288.12499,668.55335,100.0,161.30416,0.0,89.517783,-89.517783,623.0,-89.517783
0.8012820512820513,290.85138,667.9733,100.0,161.38013,0.0,89.324433,-89.324433,624.0,-89.324433
0.8,293.57776,667.39325,100.0,161.45611,0.0,89.131083,-89.131083,625.0,-89.131083
0.7987220447284346,296.30415,666.8132,100.0,161.53209,0.0,88.937733,-88.937733,626.0,-88.937733
0.7974481658692185,299.03054,666.23315,100.0,161.60807,0.0,88.744383,-88.744383,627.0,-88.744383
0.7961783439490446,301.75693,665.6531,100.0,161.68405,0.0,88.551033,-88.551033,628.0,-88.551033
0.794912559618442,304.48332,665.07305,100.0,161.76003,0.0,88.357683,-88.357683,629.0,-88.357683
0.7936507936507936,307.20971,664.493,100.0,161.83601,0.0,88.164333,-88.164333,630.0,-88.164333
0.7923930269413629,309.9361,663.91295,100.0,161.91199,0.0,87.970983,-87.970983,631.0,-87.970983
0.7911392405063291,312.66249,663.3329,100.0,161.98797,0.0,87.777633,-87.777633,632.0,-87.777633
0.7898894154818326,315.38888,662.75285,100.0,162.06395,0.0,87.584282,-87.584282,633.0,-87.584282
0.7886435331230284,318.11527,662.1728,100.0,162.13993,0.0,87.390932,-87.390932,634.0,-87.390932
0.7874015748031497,320.84166,661.59275,100.0,162.21591,0.0,87.197582,-87.197582,635.0,-87.197582
0.7861635220125787,323.56805,661.0127,100.0,162.29189,0.0,87.004232,-87.004232,636.0,-87.004232
0.7849293563579278,326.29444,660.43265,100.0,162.36787,0.0,86.810882,-86.810882,637.0,-86.810882
0.7836990595611285,329.02083,659.8526,100.0,162.44385,0.0,86.617532,-86.617532,638.0,-86.617532
0.7824726134585289,331.74722,659.27255,100.0,162.51982,0.0,86.424182,-86.424182,639.0,-86.424182
0.78125,334.47361,658.6925,100.0,162.5958,0.0,86.230832,-86.230832,640.0,-86.230832
0.7800312012480499,337.2,658.11245,100.0,162.67178,0.0,86.037482,-86.037482,641.0,-86.037482
0.778816199376947,339.92639,657.5324,100.0,162.74776,0.0,85.844132,-85.844132,642.0,-85.844132
0.7776049766718507,342.65278,656.95235,100.0,162.82374,0.0,85.650782,-85.650782,643.0,-85.650782
0.7763975155279503,345.37917,656.37229,100.0,162.89972,0.0,85.457432,-85.457432,644.0,-85.457432
0.7751937984496124,348.10556,655.79224,100.0,162.9757,0.0,85.264082,-85.264082,645.0,-85.264082
0.7739938080495357,350.83195,655.21219,100.0,163.05168,0.0,85.070731,-85.070731,646.0,-85.070731
0.7727975270479135,353.55833,654.63214,100.0,163.12766,0.0,84.877381,-84.877381,647.0,-84.877381
0.7716049382716049,356.28472,654.05209,100.0,163.20364,0.0,84.684031,-84.684031,648.0,-84.684031
0.7704160246533128,359.01111,653.47204,100.0,163.27962,0.0,84.490681,-84.490681,649.0,-84.490681
0.7692307692307693,361.7375,652.89199,100.0,163.3556,0.0,84.297331,-84.297331,650.0,-84.297331
0.7680491551459293,364.46389,652.31194,100.0,163.43158,0.0,84.103981,-84.103981,651.0,-84.103981
0.7668711656441718,367.19028,651.73189,100.0,163.50756,0.0,83.910631,-83.910631,652.0,-83.910631
0.7656967840735069,369.91667,651.15184,100.0,163.58354,0.0,83.717281,-83.717281,653.0,-83.717281
0.764525993883792,372.64306,650.57179,100.0,163.65951,0.0,83.523931,-83.523931,654.0,-83.523931
0.7633587786259542,375.36945,649.99174,100.0,163.73549,0.0,83.330581,-83.330581,655.0,-83.330581
0.7621951219512195,378.09584,649.41169,100.0,163.81147,0.0,83.137231,-83.137231,656.0,-83.137231
0.76103500761035,380.82223,648.83164,100.0,163.88745,0.0,82.943881,-82.943881,657.0,-82.943881
0.7598784194528876,383.54862,648.25159,100.0,163.96343,0.0,82.75053,-82.75053,658.0,-82.75053
0.7587253414264037,386.27501,647.67154,100.0,164.03941,0.0,82.55718,-82.55718,659.0,-82.55718
0.7575757575757576,389.0014,647.09149,100.0,164.11539,0.0,82.36383,-82.36383,660.0,-82.36383
0.75642965204236,391.72779,646.51144,100.0,164.19137,0.0,82.17048,-82.17048,661.0,-82.17048
0.7552870090634441,394.45418,645.93139,100.0,164.26735,0.0,81.97713,-81.97713,662.0,-81.97713
0.7541478129713424,397.18057,645.35134,100.0,164.34333,0.0,81.78378,-81.78378,663.0,-81.78378
0.7530120481927711,399.90696,644.77129,100.0,164.41931,0.0,81.59043,-81.59043,664.0,-81.59043
0.7518796992481203,402.63335,644.19124,100.0,164.49529,0.0,81.39708,-81.39708,665.0,-81.39708
0.7507507507507507,405.35974,643.61119,100.0,164.57127,0.0,81.20373,-81.20373,666.0,-81.20373
0.7496251874062968,408.08613,643.03114,100.0,164.64725,0.0,81.01038,-81.01038,667.0,-81.01038
0.7485029940119761,410.81251,642.45109,100.0,164.72323,0.0,80.81703,-80.81703,668.0,-80.81703
0.7473841554559043,413.5389,641.87104,100.0,164.79921,0.0,80.62368,-80.62368,669.0,-80.62368
0.746268656716418,416.26529,641.29099,100.0,164.87518,0.0,80.43033,-80.43033,670.0,-80.43033
0.7451564828614009,418.99168,640.71094,100.0,164.95116,0.0,80.236979,-80.236979,671.0,-80.236979
0.7440476190476191,421.71807,640.13089,100.0,165.02714,0.0,80.043629,-80.043629,672.0,-80.043629
0.7429420505200595,424.44446,639.55084,100.0,165.10312,0.0,79.850279,-79.850279,673.0,-79.850279
0.7418397626112759,427.17085,638.97079,100.0,165.1791,0.0,79.656929,-79.656929,674.0,-79.656929
0.7407407407407407,429.89724,638.39074,100.0,165.25508,0.0,79.463579,-79.463579,675.0,-79.463579
0.7396449704142012,432.62363,637.81069,100.0,165.33106,0.0,79.270229,-79.270229,676.0,-79.270229
0.7385524372230429,435.35002,637.23064,100.0,165.40704,0.0,79.076879,-79.076879,677.0,-79.076879
0.7374631268436578,438.07641,636.65059,100.0,165.48302,0.0,78.883529,-78.883529,678.0,-78.883529
0.7363770250368189,440.8028,636.07054,100.0,165.559,0.0,78.690179,-78.690179,679.0,-78.690179
0.7352941176470589,443.52919,635.49049,100.0,165.63498,0.0,78.496829,-78.496829,680.0,-78.496829
0.7342143906020558,446.25558,634.91044,100.0,165.71096,0.0,78.303479,-78.303479,681.0,-78.303479
0.7331378299120235,448.98197,634.33039,100.0,165.78694,0.0,78.110129,-78.110129,682.0,-78.110129
0.7320644216691069,451.70836,633.75034,100.0,165.86292,0.0,77.916779,-77.916779,683.0,-77.916779
0.7309941520467836,454.43475,633.17029,100.0,165.9389,0.0,77.723428,-77.723428,684.0,-77.723428
0.7299270072992701,457.16114,632.59024,100.0,166.01487,0.0,77.530078,-77.530078,685.0,-77.530078
0.7288629737609329,459.88753,632.01018,100.0,166.09085,0.0,77.336728,-77.336728,686.0,-77.336728
0.727802037845706,462.61392,631.43013,100.0,166.16683,0.0,77.143378,-77.143378,687.0,-77.143378
0.7267441860465116,465.34031,630.85008,100.0,166.24281,0.0,76.950028,-76.950028,688.0,-76.950028
0.7256894049346879,468.0667,630.27003,100.0,166.31879,0.0,76.756678,-76.756678,689.0,-76.756678
0.7246376811594203,470.79308,629.68998,100.0,166.39477,0.0,76.563328,-76.563328,690.0,-76.563328
0.723589001447178,473.51947,629.10993,100.0,166.47075,0.0,76.369978,-76.369978,691.0,-76.369978
0.7225433526011561,476.24586,628.52988,100.0,166.54673,0.0,76.176628,-76.176628,692.0,-76.176628
0.7215007215007215,478.97225,627.94983,100.0,166.62271,0.0,75.983278,-75.983278,693.0,-75.983278
0.7204610951008645,481.69864,627.36978,100.0,166.69869,0.0,75.789928,-75.789928,694.0,-75.789928
0.7194244604316546,484.42503,626.78973,100.0,166.77467,0.0,75.596578,-75.596578,695.0,-75.596578
0.7183908045977011,487.15142,626.20968,100.0,166.85065,0.0,75.403228,-75.403228,696.0,-75.403228
0.7173601147776184,489.87781,625.62963,100.0,166.92663,0.0,75.209877,-75.209877,697.0,-75.209877
0.7163323782234957,492.6042,625.04958,100.0,167.00261,0.0,75.016527,-75.016527,698.0,-75.016527
0.7153075822603719,495.33059,624.46953,100.0,167.07859,0.0,74.823177,-74.823177,699.0,-74.823177
0.7142857142857143,498.05698,623.88948,100.0,167.15456,0.0,74.629827,-74.629827,700.0,-74.629827
0.7132667617689016,500.78337,623.30943,100.0,167.23054,0.0,74.436477,-74.436477,701.0,-74.436477
0.7122507122507122,503.50976,622.72938,100.0,167.30652,0.0,74.243127,-74.243127,702.0,-74.243127
0.7112375533428165,506.23615,622.14933,100.0,167.3825,0.0,74.049777,-74.049777,703.0,-74.049777
0.7102272727272727,508.96254,621.56928,100.0,167.45848,0.0,73.856427,-73.856427,704.0,-73.856427
0.7092198581560284,511.68893,620.98923,100.0,167.53446,0.0,73.663077,-73.663077,705.0,-73.663077
0.7082152974504249,514.41532,620.40918,100.0,167.61044,0.0,73.469727,-73.469727,706.0,-73.469727
0.7072135785007072,517.14171,619.82913,100.0,167.68642,0.0,73.276377,-73.276377,707.0,-73.276377
0.7062146892655368,519.8681,619.24908,100.0,167.7624,0.0,73.083027,-73.083027,708.0,-73.083027
0.7052186177715092,522.59449,618.66903,100.0,167.83838,0.0,72.889676,-72.889676,709.0,-72.889676
0.704225352112676,525.32088,618.08898,100.0,167.91436,0.0,72.696326,-72.696326,710.0,-72.696326
0.7032348804500703,528.04727,617.50893,100.0,167.99034,0.0,72.502976,-72.502976,711.0,-72.502976
0.702247191011236,530.77365,616.92888,100.0,168.06632,0.0,72.309626,-72.309626,712.0,-72.309626
0.7012622720897616,533.50004,616.34883,100.0,168.1423,0.0,72.116276,-72.116276,713.0,-72.116276
0.7002801120448179,536.22643,615.76878,100.0,168.21828,0.0,71.922926,-71.922926,714.0,-71.922926
0.6993006993006993,538.95282,615.18873,100.0,168.29426,0.0,71.729576,-71.729576,715.0,-71.729576
0.6983240223463687,541.67921,614.60868,100.0,168.37023,0.0,71.536226,-71.536226,716.0,-71.536226
0.697350069735007,544.4056,614.02863,100.0,168.44621,0.0,71.342876,-71.342876,717.0,-71.342876
0.6963788300835655,547.13199,613.44858,100.0,168.52219,0.0,71.149526,-71.149526,718.0,-71.149526
0.6954102920723226,549.85838,612.86853,100.0,168.59817,0.0,70.956176,-70.956176,719.0,-70.956176
0.6944444444444444,552.58477,612.28848,100.0,168.67415,0.0,70.762826,-70.762826,720.0,-70.762826
0.6934812760055479,555.31116,611.70843,100.0,168.75013,0.0,70.569476,-70.569476,721.0,-70.569476
0.6925207756232687,558.03755,611.12838,100.0,168.82611,0.0,70.376125,-70.376125,722.0,-70.376125
0.6915629322268326,560.76394,610.54833,100.0,168.90209,0.0,70.182775,-70.182775,723.0,-70.182775
0.6906077348066298,563.49033,609.96828,100.0,168.97807,0.0,69.989425,-69.989425,724.0,-69.989425
0.6896551724137931,566.21672,609.38823,100.0,169.05405,0.0,69.796075,-69.796075,725.0,-69.796075
0.6887052341597796,568.94311,608.80818,100.0,169.13003,0.0,69.602725,-69.602725,726.0,-69.602725
0.687757909215956,571.6695,608.22813,100.0,169.20601,0.0,69.409375,-69.409375,727.0,-69.409375
0.6868131868131868,574.39589,607.64807,100.0,169.28199,0.0,69.216025,-69.216025,728.0,-69.216025
0.6858710562414266,577.12228,607.06802,100.0,169.35797,0.0,69.022675,-69.022675,729.0,-69.022675
0.684931506849315,579.84867,606.48797,100.0,169.43395,0.0,68.829325,-68.829325,730.0,-68.829325
0.6839945280437757,582.57506,605.90792,100.0,169.50992,0.0,68.635975,-68.635975,731.0,-68.635975
0.6830601092896175,585.30145,605.32787,100.0,169.5859,0.0,68.442625,-68.442625,732.0,-68.442625
0.6821282401091405,588.02783,604.74782,100.0,169.66188,0.0,68.249275,-68.249275,733.0,-68.249275
0.6811989100817438,590.75422,604.16777,100.0,169.73786,0.0,68.055925,-68.055925,734.0,-68.055925
0.6802721088435374,593.48061,603.58772,100.0,169.81384,0.0,67.862574,-67.862574,735.0,-67.862574
0.6793478260869565,596.207,603.00767,100.0,169.88982,0.0,67.669224,-67.669224,736.0,-67.669224
0.6784260515603799,598.93339,602.42762,100.0,169.9658,0.0,67.475874,-67.475874,737.0,-67.475874
0.6775067750677507,601.65978,601.84757,100.0,170.04178,0.0,67.282524,-67.282524,738.0,-67.282524
0.6765899864682002,604.38617,601.26752,100.0,170.11776,0.0,67.089174,-67.089174,739.0,-67.089174
0.6756756756756757,607.11256,600.68747,100.0,170.19374,0.0,66.895824,-66.895824,740.0,-66.895824
0.6747638326585695,609.83895,600.10742,100.0,170.26972,0.0,66.702474,-66.702474,741.0,-66.702474
0.6738544474393531,612.56534,599.52737,100.0,170.3457,0.0,66.509124,-66.509124,742.0,-66.509124
0.6729475100942126,615.29173,598.94732,100.0,170.42168,0.0,66.315774,-66.315774,743.0,-66.315774
0.6720430107526881,618.01812,598.36727,100.0,170.49766,0.0,66.122424,-66.122424,744.0,-66.122424
0.6711409395973155,620.74451,597.78722,100.0,170.57364,0.0,65.929074,-65.929074,745.0,-65.929074
0.6702412868632708,623.4709,597.20717,100.0,170.64961,0.0,65.735724,-65.735724,746.0,-65.735724
0.6693440428380187,626.19729,596.62712,100.0,170.72559,0.0,65.542374,-65.542374,747.0,-65.542374
0.6684491978609626,628.92368,596.04707,100.0,170.80157,0.0,65.349023,-65.349023,748.0,-65.349023
0.6675567423230975,631.65007,595.46702,100.0,170.87755,0.0,65.155673,-65.155673,749.0,-65.155673
0.6666666666666666,634.37646,594.88697,100.0,170.95353,0.0,64.962323,-64.962323,750.0,-64.962323
0.6657789613848203,637.10285,594.30692,100.0,171.02951,0.0,64.768973,-64.768973,751.0,-64.768973
0.6648936170212766,639.82924,593.72687,100.0,171.10549,0.0,64.575623,-64.575623,752.0,-64.575623
0.6640106241699867,642.55563,593.14682,100.0,171.18147,0.0,64.382273,-64.382273,753.0,-64.382273
0.6631299734748011,645.28202,592.56677,100.0,171.25745,0.0,64.188923,-64.188923,754.0,-64.188923
0.6622516556291391,648.0084,591.98672,100.0,171.33343,0.0,63.995573,-63.995573,755.0,-63.995573
0.6613756613756614,650.73479,591.40667,100.0,171.40941,0.0,63.802223,-63.802223,756.0,-63.802223
0.6605019815059445,653.46118,590.82662,100.0,171.48539,0.0,63.608873,-63.608873,757.0,-63.608873
0.6596306068601583,656.18757,590.24657,100.0,171.56137,0.0,63.415523,-63.415523,758.0,-63.415523
0.6587615283267457,658.91396,589.66652,100.0,171.63735,0.0,63.222173,-63.222173,759.0,-63.222173
0.6578947368421053,661.64035,589.08647,100.0,171.71333,0.0,63.028822,-63.028822,760.0,-63.028822
0.657030223390276,664.36674,588.50642,100.0,171.78931,0.0,62.835472,-62.835472,761.0,-62.835472
0.6561679790026247,667.09313,587.92637,100.0,171.86528,0.0,62.642122,-62.642122,762.0,-62.642122
0.6553079947575361,669.81952,587.34632,100.0,171.94126,0.0,62.448772,-62.448772,763.0,-62.448772
0.6544502617801047,672.54591,586.76627,100.0,172.01724,0.0,62.255422,-62.255422,764.0,-62.255422
0.6535947712418301,675.2723,586.18622,100.0,172.09322,0.0,62.062072,-62.062072,765.0,-62.062072
0.6527415143603134,677.99869,585.60617,100.0,172.1692,0.0,61.868722,-61.868722,766.0,-61.868722
0.651890482398957,680.72508,585.02612,100.0,172.24518,0.0,61.675372,-61.675372,767.0,-61.675372
0.6510416666666666,683.45147,584.44607,100.0,172.32116,0.0,61.482022,-61.482022,768.0,-61.482022
0.6501950585175552,686.17786,583.86602,100.0,172.39714,0.0,61.288672,-61.288672,769.0,-61.288672
0.6493506493506493,688.90425,583.28597,100.0,172.47312,0.0,61.095322,-61.095322,770.0,-61.095322
0.648508430609598,691.63064,582.70591,100.0,172.5491,0.0,60.901972,-60.901972,771.0,-60.901972
0.6476683937823834,694.35703,582.12586,100.0,172.62508,0.0,60.708622,-60.708622,772.0,-60.708622
0.6468305304010349,697.08342,581.54581,100.0,172.70106,0.0,60.515271,-60.515271,773.0,-60.515271
0.6459948320413437,699.80981,580.96576,100.0,172.77704,0.0,60.321921,-60.321921,774.0,-60.321921
0.6451612903225806,702.5362,580.38571,100.0,172.85302,0.0,60.128571,-60.128571,775.0,-60.128571
0.6443298969072165,705.26258,579.80566,100.0,172.929,0.0,59.935221,-59.935221,776.0,-59.935221
0.6435006435006435,707.98897,579.22561,100.0,173.00497,0.0,59.741871,-59.741871,777.0,-59.741871
0.6426735218508998,710.71536,578.64556,100.0,173.08095,0.0,59.548521,-59.548521,778.0,-59.548521
0.6418485237483954,713.44175,578.06551,100.0,173.15693,0.0,59.355171,-59.355171,779.0,-59.355171
0.6410256410256411,716.16814,577.48546,100.0,173.23291,0.0,59.161821,-59.161821,780.0,-59.161821
0.6402048655569782,718.89453,576.90541,100.0,173.30889,0.0,58.968471,-58.968471,781.0,-58.968471
0.639386189258312,721.62092,576.32536,100.0,173.38487,0.0,58.775121,-58.775121,782.0,-58.775121
0.6385696040868455,724.34731,575.74531,100.0,173.46085,0.0,58.581771,-58.581771,783.0,-58.581771
0.6377551020408163,727.0737,575.16526,100.0,173.53683,0.0,58.388421,-58.388421,784.0,-58.388421
0.6369426751592356,729.80009,574.58521,100.0,173.61281,0.0,58.195071,-58.195071,785.0,-58.195071
0.6361323155216285,732.52648,574.00516,100.0,173.68879,0.0,58.00172,-58.00172,786.0,-58.00172
0.6353240152477764,735.25287,573.42511,100.0,173.76477,0.0,57.80837,-57.80837,787.0,-57.80837
0.6345177664974619,737.97926,572.84506,100.0,173.84075,0.0,57.61502,-57.61502,788.0,-57.61502
0.6337135614702155,740.70565,572.26501,100.0,173.91673,0.0,57.42167,-57.42167,789.0,-57.42167
0.6329113924050633,743.43204,571.68496,100.0,173.99271,0.0,57.22832,-57.22832,790.0,-57.22832
0.6321112515802781,746.15843,571.10491,100.0,174.06869,0.0,57.03497,-57.03497,791.0,-57.03497
0.6313131313131313,748.88482,570.52486,100.0,174.14466,0.0,56.84162,-56.84162,792.0,-56.84162
0.6305170239596469,751.61121,569.94481,100.0,174.22064,0.0,56.64827,-56.64827,793.0,-56.64827
0.6297229219143576,754.3376,569.36476,100.0,174.29662,0.0,56.45492,-56.45492,794.0,-56.45492
0.6289308176100629,757.06399,568.78471,100.0,174.3726,0.0,56.26157,-56.26157,795.0,-56.26157
0.628140703517588,759.79038,568.20466,100.0,174.44858,0.0,56.06822,-56.06822,796.0,-56.06822
0.6273525721455459,762.51677,567.62461,100.0,174.52456,0.0,55.87487,-55.87487,797.0,-55.87487
0.6265664160401002,765.24315,567.04456,100.0,174.60054,0.0,55.681519,-55.681519,798.0,-55.681519
0.6257822277847309,767.96954,566.46451,100.0,174.67652,0.0,55.488169,-55.488169,799.0,-55.488169
0.625,770.69593,565.88446,100.0,174.7525,0.0,55.294819,-55.294819,800.0,-55.294819
0.6242197253433208,773.42232,565.30441,100.0,174.82848,0.0,55.101469,-55.101469,801.0,-55.101469
0.6234413965087282,776.14871,564.72436,100.0,174.90446,0.0,54.908119,-54.908119,802.0,-54.908119
0.6226650062266501,778.8751,564.14431,100.0,174.98044,0.0,54.714769,-54.714769,803.0,-54.714769
0.6218905472636815,781.60149,563.56426,100.0,175.05642,0.0,54.521419,-54.521419,804.0,-54.521419
0.6211180124223602,784.32788,562.98421,100.0,175.1324,0.0,54.328069,-54.328069,805.0,-54.328069
0.6203473945409429,787.05427,562.40416,100.0,175.20838,0.0,54.134719,-54.134719,806.0,-54.134719
0.6195786864931846,789.78066,561.82411,100.0,175.28436,0.0,53.941369,-53.941369,807.0,-53.941369
0.6188118811881188,792.50705,561.24406,100.0,175.36033,0.0,53.748019,-53.748019,808.0,-53.748019
0.6180469715698393,795.23344,560.66401,100.0,175.43631,0.0,53.554669,-53.554669,809.0,-53.554669
0.6172839506172839,797.95983,560.08396,100.0,175.51229,0.0,53.361319,-53.361319,810.0,-53.361319
0.6165228113440198,800.68622,559.50391,100.0,175.58827,0.0,53.167968,-53.167968,811.0,-53.167968
0.6157635467980296,803.41261,558.92386,100.0,175.66425,0.0,52.974618,-52.974618,812.0,-52.974618
0.6150061500615006,806.139,558.3438,100.0,175.74023,0.0,52.781268,-52.781268,813.0,-52.781268
0.6142506142506142,808.86539,557.76375,100.0,175.81621,0.0,52.587918,-52.587918,814.0,-52.587918
0.6134969325153374,811.59178,557.1837,100.0,175.89219,0.0,52.394568,-52.394568,815.0,-52.394568
0.6127450980392157,814.31817,556.60365,100.0,175.96817,0.0,52.201218,-52.201218,816.0,-52.201218
0.6119951040391677,817.04456,556.0236,100.0,176.04415,0.0,52.007868,-52.007868,817.0,-52.007868
0.6112469437652812,819.77095,555.44355,100.0,176.12013,0.0,51.814518,-51.814518,818.0,-51.814518
0.6105006105006106,822.49733,554.8635,100.0,176.19611,0.0,51.621168,-51.621168,819.0,-51.621168
0.6097560975609756,825.22372,554.28345,100.0,176.27209,0.0,51.427818,-51.427818,820.0,-51.427818
0.6090133982947625,827.95011,553.7034,100.0,176.34807,0.0,51.234468,-51.234468,821.0,-51.234468
0.6082725060827251,830.6765,553.12335,100.0,176.42405,0.0,51.041118,-51.041118,822.0,-51.041118
0.6075334143377886,833.40289,552.5433,100.0,176.50002,0.0,50.847768,-50.847768,823.0,-50.847768
0.6067961165048543,836.12928,551.96325,100.0,176.576,0.0,50.654417,-50.654417,824.0,-50.654417
0.6060606060606061,838.85567,551.3832,100.0,176.65198,0.0,50.461067,-50.461067,825.0,-50.461067
0.6053268765133172,841.58206,550.80315,100.0,176.72796,0.0,50.267717,-50.267717,826.0,-50.267717
0.6045949214026602,844.30845,550.2231,100.0,176.80394,0.0,50.074367,-50.074367,827.0,-50.074367
0.6038647342995169,847.03484,549.64305,100.0,176.87992,0.0,49.881017,-49.881017,828.0,-49.881017
0.6031363088057901,849.76123,549.063,100.0,176.9559,0.0,49.687667,-49.687667,829.0,-49.687667
0.6024096385542169,852.48762,548.48295,100.0,177.03188,0.0,49.494317,-49.494317,830.0,-49.494317
0.601684717208183,855.21401,547.9029,100.0,177.10786,0.0,49.300967,-49.300967,831.0,-49.300967
0.6009615384615384,857.9404,547.32285,100.0,177.18384,0.0,49.107617,-49.107617,832.0,-49.107617
0.6002400960384153,860.66679,546.7428,100.0,177.25982,0.0,48.914267,-48.914267,833.0,-48.914267
0.5995203836930456,863.39318,546.16275,100.0,177.3358,0.0,48.720917,-48.720917,834.0,-48.720917
0.5988023952095808,866.11957,545.5827,100.0,177.41178,0.0,48.527567,-48.527567,835.0,-48.527567
0.5980861244019139,868.84596,545.00265,100.0,177.48776,0.0,48.334217,-48.334217,836.0,-48.334217
0.5973715651135006,871.57235,544.4226,100.0,177.56374,0.0,48.140866,-48.140866,837.0,-48.140866
0.5966587112171837,874.29874,543.84255,100.0,177.63971,0.0,47.947516,-47.947516,838.0,-47.947516
0.5959475566150179,877.02513,543.2625,100.0,177.71569,0.0,47.754166,-47.754166,839.0,-47.754166
0.5952380952380952,879.75152,542.68245,100.0,177.79167,0.0,47.560816,-47.560816,840.0,-47.560816
0.5945303210463734,882.4779,542.1024,100.0,177.86765,0.0,47.367466,-47.367466,841.0,-47.367466
0.5938242280285035,885.20429,541.52235,100.0,177.94363,0.0,47.174116,-47.174116,842.0,-47.174116
0.5931198102016607,887.93068,540.9423,100.0,178.01961,0.0,46.980766,-46.980766,843.0,-46.980766
0.5924170616113744,890.65707,540.36225,100.0,178.09559,0.0,46.787416,-46.787416,844.0,-46.787416
0.591715976331361,893.38346,539.7822,100.0,178.17157,0.0,46.594066,-46.594066,845.0,-46.594066
0.5910165484633569,896.10985,539.20215,100.0,178.24755,0.0,46.400716,-46.400716,846.0,-46.400716
0.5903187721369539,898.83624,538.6221,100.0,178.32353,0.0,46.207366,-46.207366,847.0,-46.207366
0.589622641509434,901.56263,538.04205,100.0,178.39951,0.0,46.014016,-46.014016,848.0,-46.014016
0.5889281507656066,904.28902,537.462,100.0,178.47549,0.0,45.820665,-45.820665,849.0,-45.820665
0.5882352941176471,907.01541,536.88195,100.0,178.55147,0.0,45.627315,-45.627315,850.0,-45.627315
0.5875440658049353,909.7418,536.3019,100.0,178.62745,0.0,45.433965,-45.433965,851.0,-45.433965
0.5868544600938967,912.46819,535.72185,100.0,178.70343,0.0,45.240615,-45.240615,852.0,-45.240615
0.5861664712778429,915.19458,535.1418,100.0,178.77941,0.0,45.047265,-45.047265,853.0,-45.047265
0.585480093676815,917.92097,534.56175,100.0,178.85538,0.0,44.853915,-44.853915,854.0,-44.853915
0.5847953216374269,920.64736,533.9817,100.0,178.93136,0.0,44.660565,-44.660565,855.0,-44.660565
0.5841121495327103,923.37375,533.40164,100.0,179.00734,0.0,44.467215,-44.467215,856.0,-44.467215
0.5834305717619603,926.10014,532.82159,100.0,179.08332,0.0,44.273865,-44.273865,857.0,-44.273865
0.5827505827505828,928.82653,532.24154,100.0,179.1593,0.0,44.080515,-44.080515,858.0,-44.080515
0.5820721769499418,931.55292,531.66149,100.0,179.23528,0.0,43.887165,-43.887165,859.0,-43.887165
0.5813953488372093,934.27931,531.08144,100.0,179.31126,0.0,43.693815,-43.693815,860.0,-43.693815
0.5807200929152149,937.0057,530.50139,100.0,179.38724,0.0,43.500465,-43.500465,861.0,-43.500465
0.580046403712297,939.73209,529.92134,100.0,179.46322,0.0,43.307114,-43.307114,862.0,-43.307114
0.5793742757821553,942.45847,529.34129,100.0,179.5392,0.0,43.113764,-43.113764,863.0,-43.113764
0.5787037037037037,945.18486,528.76124,100.0,179.61518,0.0,42.920414,-42.920414,864.0,-42.920414
0.5780346820809249,947.91125,528.18119,100.0,179.69116,0.0,42.727064,-42.727064,865.0,-42.727064
0.5773672055427251,950.63764,527.60114,100.0,179.76714,0.0,42.533714,-42.533714,866.0,-42.533714
0.5767012687427913,953.36403,527.02109,100.0,179.84312,0.0,42.340364,-42.340364,867.0,-42.340364
0.576036866359447,956.09042,526.44104,100.0,179.9191,0.0,42.147014,-42.147014,868.0,-42.147014
0.5753739930955121,958.81681,525.86099,100.0,179.99507,0.0,41.953664,-41.953664,869.0,-41.953664
0.5747126436781609,961.5432,525.28094,100.0,180.07105,0.0,41.760314,-41.760314,870.0,-41.760314
0.574052812858783,964.26959,524.70089,100.0,180.14703,0.0,41.566964,-41.566964,871.0,-41.566964
0.573394495412844,966.99598,524.12084,100.0,180.22301,0.0,41.373614,-41.373614,872.0,-41.373614
0.572737686139748,969.72237,523.54079,100.0,180.29899,0.0,41.180264,-41.180264,873.0,-41.180264
0.5720823798627003,972.44876,522.96074,100.0,180.37497,0.0,40.986914,-40.986914,874.0,-40.986914
0.5714285714285714,975.17515,522.38069,100.0,180.45095,0.0,40.793563,-40.793563,875.0,-40.793563
0.5707762557077626,977.90154,521.80064,100.0,180.52693,0.0,40.600213,-40.600213,876.0,-40.600213
0.5701254275940707,980.62793,521.22059,100.0,180.60291,0.0,40.406863,-40.406863,877.0,-40.406863
0.5694760820045558,983.35432,520.64054,100.0,180.67889,0.0,40.213513,-40.213513,878.0,-40.213513
0.5688282138794084,986.08071,520.06049,100.0,180.75487,0.0,40.020163,-40.020163,879.0,-40.020163
0.5681818181818182,988.8071,519.48044,100.0,180.83085,0.0,39.826813,-39.826813,880.0,-39.826813
0.5675368898978433,991.53349,518.90039,100.0,180.90683,0.0,39.633463,-39.633463,881.0,-39.633463
0.5668934240362812,994.25988,518.32034,100.0,180.98281,0.0,39.440113,-39.440113,882.0,-39.440113
0.5662514156285391,996.98627,517.74029,100.0,181.05879,0.0,39.246763,-39.246763,883.0,-39.246763
0.5656108597285068,999.71265,517.16024,100.0,181.13476,0.0,39.053413,-39.053413,884.0,-39.053413
0.5649717514124294,1002.439,516.58019,100.0,181.21074,0.0,38.860063,-38.860063,885.0,-38.860063
0.5643340857787811,1005.1654,516.00014,100.0,181.28672,0.0,38.666713,-38.666713,886.0,-38.666713
0.5636978579481398,1007.8918,515.42009,100.0,181.3627,0.0,38.473363,-38.473363,887.0,-38.473363
0.5630630630630631,1010.6182,514.84004,100.0,181.43868,0.0,38.280012,-38.280012,888.0,-38.280012
0.562429696287964,1013.3446,514.25999,100.0,181.51466,0.0,38.086662,-38.086662,889.0,-38.086662
0.5617977528089888,1016.071,513.67994,100.0,181.59064,0.0,37.893312,-37.893312,890.0,-37.893312
0.5611672278338945,1018.7974,513.09989,100.0,181.66662,0.0,37.699962,-37.699962,891.0,-37.699962
0.5605381165919282,1021.5238,512.51984,100.0,181.7426,0.0,37.506612,-37.506612,892.0,-37.506612
0.5599104143337066,1024.2502,511.93979,100.0,181.81858,0.0,37.313262,-37.313262,893.0,-37.313262
0.5592841163310962,1026.9766,511.35974,100.0,181.89456,0.0,37.119912,-37.119912,894.0,-37.119912
0.5586592178770949,1029.7029,510.77969,100.0,181.97054,0.0,36.926562,-36.926562,895.0,-36.926562
0.5580357142857143,1032.4293,510.19964,100.0,182.04652,0.0,36.733212,-36.733212,896.0,-36.733212
0.5574136008918618,1035.1557,509.61959,100.0,182.1225,0.0,36.539862,-36.539862,897.0,-36.539862
0.5567928730512249,1037.8821,509.03953,100.0,182.19848,0.0,36.346512,-36.346512,898.0,-36.346512
0.5561735261401557,1040.6085,508.45948,100.0,182.27446,0.0,36.153162,-36.153162,899.0,-36.153162
0.5555555555555556,1043.3349,507.87943,100.0,182.35043,0.0,35.959811,-35.959811,900.0,-35.959811
0.5549389567147613,1046.0613,507.29938,100.0,182.42641,0.0,35.766461,-35.766461,901.0,-35.766461
0.5543237250554324,1048.7877,506.71933,100.0,182.50239,0.0,35.573111,-35.573111,902.0,-35.573111
0.5537098560354374,1051.5141,506.13928,100.0,182.57837,0.0,35.379761,-35.379761,903.0,-35.379761
0.5530973451327433,1054.2404,505.55923,100.0,182.65435,0.0,35.186411,-35.186411,904.0,-35.186411
0.5524861878453039,1056.9668,504.97918,100.0,182.73033,0.0,34.993061,-34.993061,905.0,-34.993061
0.5518763796909493,1059.6932,504.39913,100.0,182.80631,0.0,34.799711,-34.799711,906.0,-34.799711
0.5512679162072768,1062.4196,503.81908,100.0,182.88229,0.0,34.606361,-34.606361,907.0,-34.606361
0.5506607929515418,1065.146,503.23903,100.0,182.95827,0.0,34.413011,-34.413011,908.0,-34.413011
0.5500550055005501,1067.8724,502.65898,100.0,183.03425,0.0,34.219661,-34.219661,909.0,-34.219661
0.5494505494505495,1070.5988,502.07893,100.0,183.11023,0.0,34.026311,-34.026311,910.0,-34.026311
0.5488474204171241,1073.3252,501.49888,100.0,183.18621,0.0,33.832961,-33.832961,911.0,-33.832961
0.5482456140350878,1076.0516,500.91883,100.0,183.26219,0.0,33.639611,-33.639611,912.0,-33.639611
0.547645125958379,1078.778,500.33878,100.0,183.33817,0.0,33.44626,-33.44626,913.0,-33.44626
0.5470459518599562,1081.5043,499.75873,100.0,183.41415,0.0,33.25291,-33.25291,914.0,-33.25291
0.546448087431694,1084.2307,499.17868,100.0,183.49012,0.0,33.05956,-33.05956,915.0,-33.05956
0.5458515283842795,1086.9571,498.59863,100.0,183.5661,0.0,32.86621,-32.86621,916.0,-32.86621
0.5452562704471101,1089.6835,498.01858,100.0,183.64208,0.0,32.67286,-32.67286,917.0,-32.67286
0.5446623093681917,1092.4099,497.43853,100.0,183.71806,0.0,32.47951,-32.47951,918.0,-32.47951
0.544069640914037,1095.1363,496.85848,100.0,183.79404,0.0,32.28616,-32.28616,919.0,-32.28616
0.5434782608695652,1097.8627,496.27843,100.0,183.87002,0.0,32.09281,-32.09281,920.0,-32.09281
0.5428881650380022,1100.5891,495.69838,100.0,183.946,0.0,31.89946,-31.89946,921.0,-31.89946
0.5422993492407809,1103.3155,495.11833,100.0,184.02198,0.0,31.70611,-31.70611,922.0,-31.70611
0.5417118093174431,1106.0418,494.53828,100.0,184.09796,0.0,31.51276,-31.51276,923.0,-31.51276
0.5411255411255411,1108.7682,493.95823,100.0,184.17394,0.0,31.31941,-31.31941,924.0,-31.31941
0.5405405405405406,1111.4946,493.37818,100.0,184.24992,0.0,31.12606,-31.12606,925.0,-31.12606
0.5399568034557235,1114.221,492.79813,100.0,184.3259,0.0,30.932709,-30.932709,926.0,-30.932709
0.5393743257820928,1116.9474,492.21808,100.0,184.40188,0.0,30.739359,-30.739359,927.0,-30.739359
0.5387931034482759,1119.6738,491.63803,100.0,184.47786,0.0,30.546009,-30.546009,928.0,-30.546009
0.5382131324004306,1122.4002,491.05798,100.0,184.55384,0.0,30.352659,-30.352659,929.0,-30.352659
0.5376344086021505,1125.1266,490.47793,100.0,184.62981,0.0,30.159309,-30.159309,930.0,-30.159309
0.5370569280343717,1127.853,489.89788,100.0,184.70579,0.0,29.965959,-29.965959,931.0,-29.965959
0.5364806866952789,1130.5794,489.31783,100.0,184.78177,0.0,29.772609,-29.772609,932.0,-29.772609
0.5359056806002144,1133.3057,488.73778,100.0,184.85775,0.0,29.579259,-29.579259,933.0,-29.579259
0.5353319057815846,1136.0321,488.15773,100.0,184.93373,0.0,29.385909,-29.385909,934.0,-29.385909
0.5347593582887701,1138.7585,487.57768,100.0,185.00971,0.0,29.192559,-29.192559,935.0,-29.192559
0.5341880341880342,1141.4849,486.99763,100.0,185.08569,0.0,28.999209,-28.999209,936.0,-28.999209
0.5336179295624333,1144.2113,486.41758,100.0,185.16167,0.0,28.805859,-28.805859,937.0,-28.805859
0.5330490405117271,1146.9377,485.83753,100.0,185.23765,0.0,28.612508,-28.612508,938.0,-28.612508
0.5324813631522897,1149.6641,485.25748,100.0,185.31363,0.0,28.419158,-28.419158,939.0,-28.419158
0.5319148936170213,1152.3905,484.67743,100.0,185.38961,0.0,28.225808,-28.225808,940.0,-28.225808
0.5313496280552603,1155.1169,484.09737,100.0,185.46559,0.0,28.032458,-28.032458,941.0,-28.032458
0.5307855626326964,1157.8432,483.51732,100.0,185.54157,0.0,27.839108,-27.839108,942.0,-27.839108
0.5302226935312832,1160.5696,482.93727,100.0,185.61755,0.0,27.645758,-27.645758,943.0,-27.645758
0.5296610169491526,1163.296,482.35722,100.0,185.69353,0.0,27.452408,-27.452408,944.0,-27.452408
0.5291005291005291,1166.0224,481.77717,100.0,185.76951,0.0,27.259058,-27.259058,945.0,-27.259058
0.5285412262156448,1168.7488,481.19712,100.0,185.84548,0.0,27.065708,-27.065708,946.0,-27.065708
0.5279831045406547,1171.4752,480.61707,100.0,185.92146,0.0,26.872358,-26.872358,947.0,-26.872358
0.5274261603375527,1174.2016,480.03702,100.0,185.99744,0.0,26.679008,-26.679008,948.0,-26.679008
0.5268703898840885,1176.928,479.45697,100.0,186.07342,0.0,26.485658,-26.485658,949.0,-26.485658
0.5263157894736842,1179.6544,478.87692,100.0,186.1494,0.0,26.292308,-26.292308,950.0,-26.292308
0.5257623554153522,1182.3808,478.29687,100.0,186.22538,0.0,26.098957,-26.098957,951.0,-26.098957
0.5252100840336135,1185.1071,477.71682,100.0,186.30136,0.0,25.905607,-25.905607,952.0,-25.905607
0.5246589716684156,1187.8335,477.13677,100.0,186.37734,0.0,25.712257,-25.712257,953.0,-25.712257
0.5241090146750524,1190.5599,476.55672,100.0,186.45332,0.0,25.518907,-25.518907,954.0,-25.518907
0.5235602094240838,1193.2863,475.97667,100.0,186.5293,0.0,25.325557,-25.325557,955.0,-25.325557
0.5230125523012552,1196.0127,475.39662,100.0,186.60528,0.0,25.132207,-25.132207,956.0,-25.132207
0.522466039707419,1198.7391,474.81657,100.0,186.68126,0.0,24.938857,-24.938857,957.0,-24.938857
0.5219206680584552,1201.4655,474.23652,100.0,186.75724,0.0,24.745507,-24.745507,958.0,-24.745507
0.5213764337851929,1204.1919,473.65647,100.0,186.83322,0.0,24.552157,-24.552157,959.0,-24.552157
0.5208333333333334,1206.9183,473.07642,100.0,186.9092,0.0,24.358807,-24.358807,960.0,-24.358807
0.5202913631633714,1209.6446,472.49637,100.0,186.98517,0.0,24.165457,-24.165457,961.0,-24.165457
0.5197505197505198,1212.371,471.91632,100.0,187.06115,0.0,23.972107,-23.972107,962.0,-23.972107
0.5192107995846313,1215.0974,471.33627,100.0,187.13713,0.0,23.778757,-23.778757,963.0,-23.778757
0.5186721991701245,1217.8238,470.75622,100.0,187.21311,0.0,23.585406,-23.585406,964.0,-23.585406
0.5181347150259067,1220.5502,470.17617,100.0,187.28909,0.0,23.392056,-23.392056,965.0,-23.392056
0.5175983436853002,1223.2766,469.59612,100.0,187.36507,0.0,23.198706,-23.198706,966.0,-23.198706
0.5170630816959669,1226.003,469.01607,100.0,187.44105,0.0,23.005356,-23.005356,967.0,-23.005356
0.5165289256198347,1228.7294,468.43602,100.0,187.51703,0.0,22.812006,-22.812006,968.0,-22.812006
0.5159958720330238,1231.4558,467.85597,100.0,187.59301,0.0,22.618656,-22.618656,969.0,-22.618656
0.5154639175257731,1234.1822,467.27592,100.0,187.66899,0.0,22.425306,-22.425306,970.0,-22.425306
0.5149330587023687,1236.9085,466.69587,100.0,187.74497,0.0,22.231956,-22.231956,971.0,-22.231956
0.51440329218107,1239.6349,466.11582,100.0,187.82095,0.0,22.038606,-22.038606,972.0,-22.038606
0.513874614594039,1242.3613,465.53577,100.0,187.89693,0.0,21.845256,-21.845256,973.0,-21.845256
0.5133470225872689,1245.0877,464.95572,100.0,187.97291,0.0,21.651906,-21.651906,974.0,-21.651906
0.5128205128205128,1247.8141,464.37567,100.0,188.04889,0.0,21.458556,-21.458556,975.0,-21.458556
0.5122950819672131,1250.5405,463.79562,100.0,188.12486,0.0,21.265206,-21.265206,976.0,-21.265206
0.5117707267144319,1253.2669,463.21557,100.0,188.20084,0.0,21.071855,-21.071855,977.0,-21.071855
0.5112474437627812,1255.9933,462.63552,100.0,188.27682,0.0,20.878505,-20.878505,978.0,-20.878505
0.5107252298263534,1258.7197,462.05547,100.0,188.3528,0.0,20.685155,-20.685155,979.0,-20.685155
0.5102040816326531,1261.4461,461.47542,100.0,188.42878,0.0,20.491805,-20.491805,980.0,-20.491805
0.509683995922528,1264.1724,460.89537,100.0,188.50476,0.0,20.298455,-20.298455,981.0,-20.298455
0.5091649694501018,1266.8988,460.31532,100.0,188.58074,0.0,20.105105,-20.105105,982.0,-20.105105
0.508646998982706,1269.6252,459.73526,100.0,188.65672,0.0,19.911755,-19.911755,983.0,-19.911755
0.508130081300813,1272.3516,459.15521,100.0,188.7327,0.0,19.718405,-19.718405,984.0,-19.718405
0.5076142131979695,1275.078,458.57516,100.0,188.80868,0.0,19.525055,-19.525055,985.0,-19.525055
0.5070993914807302,1277.8044,457.99511,100.0,188.88466,0.0,19.331705,-19.331705,986.0,-19.331705
0.5065856129685917,1280.5308,457.41506,100.0,188.96064,0.0,19.138355,-19.138355,987.0,-19.138355
0.5060728744939271,1283.2572,456.83501,100.0,189.03662,0.0,18.945005,-18.945005,988.0,-18.945005
0.5055611729019212,1285.9836,456.25496,100.0,189.1126,0.0,18.751654,-18.751654,989.0,-18.751654
0.5050505050505051,1288.7099,455.67491,100.0,189.18858,0.0,18.558304,-18.558304,990.0,-18.558304
0.5045408678102926,1291.4363,455.09486,100.0,189.26456,0.0,18.364954,-18.364954,991.0,-18.364954
0.5040322580645161,1294.1627,454.51481,100.0,189.34053,0.0,18.171604,-18.171604,992.0,-18.171604
0.5035246727089627,1296.8891,453.93476,100.0,189.41651,0.0,17.978254,-17.978254,993.0,-17.978254
0.5030181086519114,1299.6155,453.35471,100.0,189.49249,0.0,17.784904,-17.784904,994.0,-17.784904
0.5025125628140703,1302.3419,452.77466,100.0,189.56847,0.0,17.591554,-17.591554,995.0,-17.591554
0.5020080321285141,1305.0683,452.19461,100.0,189.64445,0.0,17.398204,-17.398204,996.0,-17.398204
0.5015045135406219,1307.7947,451.61456,100.0,189.72043,0.0,17.204854,-17.204854,997.0,-17.204854
0.501002004008016,1310.5211,451.03451,100.0,189.79641,0.0,17.011504,-17.011504,998.0,-17.011504
0.5005005005005005,1313.2475,450.45446,100.0,189.87239,0.0,16.818154,-16.818154,999.0,-16.818154
