,Lactate_output,Glucose_input,Biomass
3.7313432835820897,0.0,134.0,187.02982
3.7037037037037037,0.0,135.0,187.02982
3.676470588235294,0.0,136.0,187.02982
3.6496350364963503,0.0,137.0,187.02982
3.6231884057971016,0.0,138.0,187.02982
3.597122302158273,0.0,139.0,187.02982
3.5714285714285716,0.0,140.0,187.02982
3.5460992907801416,0.0,141.0,187.02982
3.5211267605633805,0.0,142.0,187.02982
3.4965034965034967,0.0,143.0,187.02982
3.4722222222222223,0.0,144.0,187.02982
3.4482758620689653,0.0,145.0,187.02982
3.4246575342465753,0.0,146.0,187.02982
3.401360544217687,0.0,147.0,187.02982
3.3783783783783785,0.0,148.0,187.02982
3.3557046979865772,0.0,149.0,187.02982
3.3333333333333335,0.0,150.0,187.02982
3.3112582781456954,0.0,151.0,187.02982
3.289473684210526,0.0,152.0,187.02982
3.2679738562091503,0.0,153.0,187.02982
3.2467532467532467,0.0,154.0,187.02982
3.225806451612903,0.0,155.0,187.02982
3.2051282051282053,0.0,156.0,187.02982
3.1847133757961785,0.0,157.0,187.02982
3.1645569620253164,0.0,158.0,187.02982
3.1446540880503147,0.0,159.0,187.02982
3.125,0.0,160.0,187.02982
3.1055900621118013,0.0,161.0,187.02982
3.0864197530864197,0.0,162.0,187.02982
3.067484662576687,0.0,163.0,187.02982
3.048780487804878,0.0,164.0,187.02982
3.0303030303030303,0.0,165.0,187.02982
3.0120481927710845,0.0,166.0,187.02982
2.9940119760479043,0.0,167.0,187.02982
2.9761904761904763,0.0,168.0,187.02982
2.9585798816568047,0.0,169.0,187.02982
2.9411764705882355,0.0,170.0,187.02982
2.9239766081871346,0.0,171.0,187.02982
2.9069767441860463,0.0,172.0,187.02982
2.8901734104046244,0.0,173.0,187.02982
2.8735632183908044,0.0,174.0,187.02982
2.857142857142857,0.0,175.0,187.02982
2.840909090909091,0.0,176.0,187.02982
2.824858757062147,0.0,177.0,187.02982
2.808988764044944,0.0,178.0,187.02982
2.793296089385475,0.0,179.0,187.02982
2.7777777777777777,0.0,180.0,187.02982
2.7624309392265194,0.0,181.0,187.02982
2.7472527472527473,0.0,182.0,187.02982
2.73224043715847,0.0,183.0,187.02982
2.717391304347826,0.0,184.0,187.02982
2.7027027027027026,0.0,185.0,187.02982
2.6881720430107525,0.0,186.0,187.02982
2.6737967914438503,0.0,187.0,187.02982
2.6595744680851063,0.0,188.0,187.02982
2.6455026455026456,0.0,189.0,187.02982
2.6315789473684212,0.0,190.0,187.02982
2.6178010471204187,0.0,191.0,187.02982
2.6041666666666665,0.0,192.0,187.02982
2.5906735751295336,0.0,193.0,187.02982
2.577319587628866,0.0,194.0,187.02982
2.5641025641025643,0.0,195.0,187.02982
2.5510204081632653,0.0,196.0,187.02982
2.5380710659898478,0.0,197.0,187.02982
2.525252525252525,0.0,198.0,187.02982
2.512562814070352,0.0,199.0,187.02982
2.5,0.0,200.0,187.02982
2.487562189054726,0.0,201.0,187.02982
2.4752475247524752,0.0,202.0,187.02982
2.4630541871921183,0.0,203.0,187.02982
2.450980392156863,0.0,204.0,187.02982
2.4390243902439024,0.0,205.0,187.02982
2.4271844660194173,0.0,206.0,187.02982
2.4154589371980677,0.0,207.0,187.02982
2.4038461538461537,0.0,208.0,187.02982
2.3923444976076556,0.0,209.0,187.02982
2.380952380952381,0.0,210.0,187.02982
2.3696682464454977,0.0,211.0,187.02982
2.358490566037736,0.0,212.0,187.02982
2.347417840375587,0.0,213.0,187.02982
2.336448598130841,0.0,214.0,187.02982
2.3255813953488373,0.0,215.0,187.02982
2.314814814814815,0.0,216.0,187.02982
2.304147465437788,0.0,217.0,187.02982
2.293577981651376,0.0,218.0,187.02982
2.2831050228310503,0.0,219.0,187.02982
2.272727272727273,0.0,220.0,187.02982
2.262443438914027,0.0,221.0,187.02982
2.2522522522522523,0.0,222.0,187.02982
2.242152466367713,0.0,223.0,187.02982
2.232142857142857,0.0,224.0,187.02982
2.2222222222222223,0.0,225.0,187.02982
2.2123893805309733,0.0,226.0,187.02982
2.202643171806167,0.0,227.0,187.02982
2.192982456140351,0.0,228.0,187.02982
2.183406113537118,0.0,229.0,187.02982
2.1739130434782608,0.0,230.0,187.02982
2.1645021645021645,0.0,231.0,187.02982
2.1551724137931036,0.0,232.0,187.02982
2.1459227467811157,0.0,233.0,187.02982
2.1367521367521367,0.0,234.0,187.02982
2.127659574468085,0.0,235.0,187.02982
2.1186440677966103,0.0,236.0,187.02982
2.109704641350211,0.0,237.0,187.02982
2.100840336134454,0.0,238.0,187.02982
2.092050209205021,0.0,239.0,187.02982
2.0833333333333335,0.0,240.0,187.02982
2.074688796680498,0.0,241.0,187.02982
2.0661157024793386,0.0,242.0,187.02982
2.05761316872428,0.0,243.0,187.02982
2.0491803278688523,0.0,244.0,187.02982
2.0408163265306123,0.0,245.0,187.02982
2.032520325203252,0.0,246.0,187.02982
2.0242914979757085,0.0,247.0,187.02982
2.0161290322580645,0.0,248.0,187.02982
2.0080321285140563,0.0,249.0,187.02982
2.0,0.0,250.0,187.02982
1.9920318725099602,0.0,251.0,187.02982
1.9841269841269842,0.0,252.0,187.02982
1.976284584980237,0.0,253.0,187.02982
1.968503937007874,0.0,254.0,187.02982
1.9607843137254901,0.0,255.0,187.02982
1.953125,0.0,256.0,187.02982
1.9455252918287937,0.0,257.0,187.02982
1.937984496124031,0.0,258.0,187.02982
1.9305019305019304,0.0,259.0,187.02982
1.9230769230769231,0.0,260.0,187.02982
1.9157088122605364,0.0,261.0,187.02982
1.9083969465648856,0.0,262.0,187.02982
1.9011406844106464,0.0,263.0,187.02982
1.893939393939394,0.0,264.0,187.02982
1.8867924528301887,0.0,265.0,187.02982
1.8796992481203008,0.0,266.0,187.02982
1.8726591760299625,0.0,267.0,187.02982
1.8656716417910448,0.0,268.0,187.02982
1.858736059479554,0.0,269.0,187.02982
1.8518518518518519,0.0,270.0,187.02982
1.845018450184502,0.0,271.0,187.02982
1.838235294117647,0.0,272.0,187.02982
1.8315018315018314,0.0,273.0,187.02982
1.8248175182481752,0.0,274.0,187.02982
1.8181818181818181,0.0,275.0,187.02982
1.8115942028985508,0.0,276.0,187.02982
1.8050541516245486,0.0,277.0,187.02982
1.7985611510791366,0.0,278.0,187.02982
1.7921146953405018,0.0,279.0,187.02982
1.7857142857142858,0.0,280.0,187.02982
1.7793594306049823,0.0,281.0,187.02982
1.7730496453900708,0.0,282.0,187.02982
1.7667844522968197,0.0,283.0,187.02982
1.7605633802816902,0.0,284.0,187.02982
1.7543859649122806,0.0,285.0,187.02982
1.7482517482517483,0.0,286.0,187.02982
1.7421602787456445,0.0,287.0,187.02982
1.7361111111111112,0.0,288.0,187.02982
1.7301038062283738,0.0,289.0,187.02982
1.7241379310344827,0.0,290.0,187.02982
1.7182130584192439,0.0,291.0,187.02982
1.7123287671232876,0.0,292.0,187.02982
1.7064846416382253,0.0,293.0,187.02982
1.7006802721088434,0.0,294.0,187.02982
1.694915254237288,0.0,295.0,187.02982
1.6891891891891893,0.0,296.0,187.02982
1.6835016835016836,0.0,297.0,187.02982
1.6778523489932886,0.0,298.0,187.02982
1.6722408026755853,0.0,299.0,187.02982
1.6666666666666667,0.0,300.0,187.02982
1.6611295681063123,0.0,301.0,187.02982
1.6556291390728477,0.0,302.0,187.02982
1.6501650165016502,0.0,303.0,187.02982
1.644736842105263,0.0,304.0,187.02982
1.639344262295082,0.0,305.0,187.02982
1.6339869281045751,0.0,306.0,187.02982
1.6286644951140066,0.0,307.0,187.02982
1.6233766233766234,0.0,308.0,187.02982
1.6181229773462784,0.0,309.0,187.02982
1.6129032258064515,0.0,310.0,187.02982
1.607717041800643,0.0,311.0,187.02982
1.6025641025641026,0.0,312.0,187.02982
1.597444089456869,0.0,313.0,187.02982
1.5923566878980893,0.0,314.0,187.02982
1.5873015873015872,0.0,315.0,187.02982
1.5822784810126582,0.0,316.0,187.02982
1.5772870662460567,0.0,317.0,187.02982
1.5723270440251573,0.0,318.0,187.02982
1.567398119122257,0.0,319.0,187.02982
1.5625,0.0,320.0,187.02982
1.557632398753894,0.0,321.0,187.02982
1.5527950310559007,0.0,322.0,187.02982
1.5479876160990713,0.0,323.0,187.02982
1.5432098765432098,0.0,324.0,187.02982
1.5384615384615385,0.0,325.0,187.02982
1.5337423312883436,0.0,326.0,187.02982
1.529051987767584,0.0,327.0,187.02982
1.524390243902439,0.0,328.0,187.02982
1.5197568389057752,0.0,329.0,187.02982
1.5151515151515151,0.0,330.0,187.02982
1.5105740181268883,0.0,331.0,187.02982
1.5060240963855422,0.0,332.0,187.02982
1.5015015015015014,0.0,333.0,187.02982
1.4970059880239521,1.2376863,334.0,187.02982
1.492537313432836,3.2376863,335.0,187.02982
1.4880952380952381,5.2376863,336.0,187.02982
1.4836795252225519,7.2376863,337.0,187.02982
1.4792899408284024,9.2376863,338.0,187.02982
1.4749262536873156,11.237686,339.0,187.02982
1.4705882352941178,13.237686,340.0,187.02982
1.466275659824047,15.237686,341.0,187.02982
1.4619883040935673,17.237686,342.0,187.02982
1.4577259475218658,19.237686,343.0,187.02982
1.4534883720930232,21.237686,344.0,187.02982
1.4492753623188406,23.237686,345.0,187.02982
1.4450867052023122,25.237686,346.0,187.02982
1.440922190201729,27.237686,347.0,187.02982
1.4367816091954022,29.237686,348.0,187.02982
1.4326647564469914,31.237686,349.0,187.02982
1.4285714285714286,33.237686,350.0,187.02982
1.4245014245014245,35.237686,351.0,187.02982
1.4204545454545454,37.237686,352.0,187.02982
1.4164305949008498,39.237686,353.0,187.02982
1.4124293785310735,41.237686,354.0,187.02982
1.408450704225352,43.237686,355.0,187.02982
1.404494382022472,45.237686,356.0,187.02982
1.4005602240896358,47.237686,357.0,187.02982
1.3966480446927374,49.237686,358.0,187.02982
1.392757660167131,51.237686,359.0,187.02982
1.3888888888888888,53.237686,360.0,187.02982
1.3850415512465375,55.237686,361.0,187.02982
1.3812154696132597,57.237686,362.0,187.02982
1.3774104683195592,59.237686,363.0,187.02982
1.3736263736263736,61.237686,364.0,187.02982
1.36986301369863,63.237686,365.0,187.02982
1.366120218579235,65.237686,366.0,187.02982
1.3623978201634876,67.237686,367.0,187.02982
1.358695652173913,69.237686,368.0,187.02982
1.3550135501355014,71.237686,369.0,187.02982
1.3513513513513513,73.237686,370.0,187.02982
1.3477088948787062,75.237686,371.0,187.02982
1.3440860215053763,77.237686,372.0,187.02982
1.3404825737265416,79.237686,373.0,187.02982
1.3368983957219251,81.237686,374.0,187.02982
1.3333333333333333,83.237686,375.0,187.02982
1.3297872340425532,85.237686,376.0,187.02982
1.3262599469496021,87.237686,377.0,187.02982
1.3227513227513228,89.237686,378.0,187.02982
1.3192612137203166,91.237686,379.0,187.02982
1.3157894736842106,93.237686,380.0,187.02982
1.3123359580052494,95.237686,381.0,187.02982
1.3089005235602094,97.237686,382.0,187.02982
1.3054830287206267,99.237686,383.0,187.02982
1.3020833333333333,101.23769,384.0,187.02982
1.2987012987012987,103.23769,385.0,187.02982
1.2953367875647668,105.23769,386.0,187.02982
1.2919896640826873,107.23769,387.0,187.02982
1.288659793814433,109.23769,388.0,187.02982
1.2853470437017995,111.23769,389.0,187.02982
1.2820512820512822,113.23769,390.0,187.02982
1.278772378516624,115.23769,391.0,187.02982
1.2755102040816326,117.23769,392.0,187.02982
1.272264631043257,119.23769,393.0,187.02982
1.2690355329949239,121.23769,394.0,187.02982
1.2658227848101267,123.23769,395.0,187.02982
1.2626262626262625,125.23769,396.0,187.02982
1.2594458438287153,127.23769,397.0,187.02982
1.256281407035176,129.23769,398.0,187.02982
1.2531328320802004,131.23769,399.0,187.02982
1.25,133.23769,400.0,187.02982
1.2468827930174564,135.23769,401.0,187.02982
1.243781094527363,137.23769,402.0,187.02982
1.2406947890818858,139.23769,403.0,187.02982
1.2376237623762376,141.23769,404.0,187.02982
1.2345679012345678,143.23769,405.0,187.02982
1.2315270935960592,145.23769,406.0,187.02982
1.2285012285012284,147.23769,407.0,187.02982
1.2254901960784315,149.23769,408.0,187.02982
1.2224938875305624,151.23769,409.0,187.02982
1.2195121951219512,153.23769,410.0,187.02982
1.2165450121654502,155.23769,411.0,187.02982
1.2135922330097086,157.23769,412.0,187.02982
1.2106537530266344,159.23769,413.0,187.02982
1.2077294685990339,161.23769,414.0,187.02982
1.2048192771084338,163.23769,415.0,187.02982
1.2019230769230769,165.23769,416.0,187.02982
1.1990407673860912,167.23769,417.0,187.02982
1.1961722488038278,169.23769,418.0,187.02982
1.1933174224343674,171.23769,419.0,187.02982
1.1904761904761905,173.23769,420.0,187.02982
1.187648456057007,175.23769,421.0,187.02982
1.1848341232227488,177.23769,422.0,187.02982
1.1820330969267139,179.23769,423.0,187.02982
1.179245283018868,181.23769,424.0,187.02982
1.1764705882352942,183.23769,425.0,187.02982
1.1737089201877935,185.23769,426.0,187.02982
1.17096018735363,187.23769,427.0,187.02982
1.1682242990654206,189.23769,428.0,187.02982
1.1655011655011656,191.23769,429.0,187.02982
1.1627906976744187,193.23769,430.0,187.02982
1.160092807424594,195.23769,431.0,187.02982
1.1574074074074074,197.23769,432.0,187.02982
1.1547344110854503,199.23769,433.0,187.02982
1.152073732718894,201.23769,434.0,187.02982
1.1494252873563218,203.23769,435.0,187.02982
1.146788990825688,205.23769,436.0,187.02982
1.1441647597254005,207.23769,437.0,187.02982
1.1415525114155252,209.23769,438.0,187.02982
1.1389521640091116,211.23769,439.0,187.02982
1.1363636363636365,213.23769,440.0,187.02982
1.1337868480725624,215.23769,441.0,187.02982
1.1312217194570136,217.23769,442.0,187.02982
1.1286681715575622,219.23769,443.0,187.02982
1.1261261261261262,221.23769,444.0,187.02982
1.1235955056179776,223.23769,445.0,187.02982
1.1210762331838564,225.23769,446.0,187.02982
1.1185682326621924,227.23769,447.0,187.02982
1.1160714285714286,229.23769,448.0,187.02982
1.1135857461024499,231.23769,449.0,187.02982
1.1111111111111112,233.23769,450.0,187.02982
1.1086474501108647,235.23769,451.0,187.02982
1.1061946902654867,237.23769,452.0,187.02982
1.1037527593818985,239.23769,453.0,187.02982
1.1013215859030836,241.23769,454.0,187.02982
1.098901098901099,243.23769,455.0,187.02982
1.0964912280701755,245.23769,456.0,187.02982
1.0940919037199124,247.23769,457.0,187.02982
1.091703056768559,249.23769,458.0,187.02982
1.0893246187363834,251.23769,459.0,187.02982
1.0869565217391304,253.23769,460.0,187.02982
1.0845986984815619,255.23769,461.0,187.02982
1.0822510822510822,257.23769,462.0,187.02982
1.079913606911447,259.23769,463.0,187.02982
1.0775862068965518,261.23769,464.0,187.02982
1.075268817204301,263.23769,465.0,187.02982
1.0729613733905579,265.23769,466.0,187.02982
1.0706638115631693,267.23769,467.0,187.02982
1.0683760683760684,269.23769,468.0,187.02982
1.0660980810234542,271.23769,469.0,187.02982
1.0638297872340425,273.23769,470.0,187.02982
1.0615711252653928,275.23769,471.0,187.02982
1.0593220338983051,277.23769,472.0,187.02982
1.0570824524312896,279.23769,473.0,187.02982
1.0548523206751055,281.23769,474.0,187.02982
1.0526315789473684,283.23769,475.0,187.02982
1.050420168067227,285.23769,476.0,187.02982
1.0482180293501049,287.23769,477.0,187.02982
1.0460251046025104,289.23769,478.0,187.02982
1.0438413361169103,291.23769,479.0,187.02982
1.0416666666666667,293.23769,480.0,187.02982
1.0395010395010396,295.23769,481.0,187.02982
1.037344398340249,297.23769,482.0,187.02982
1.0351966873706004,299.23769,483.0,187.02982
1.0330578512396693,301.23769,484.0,187.02982
1.0309278350515463,303.23769,485.0,187.02982
1.02880658436214,305.23769,486.0,187.02982
1.0266940451745379,307.23769,487.0,187.02982
1.0245901639344261,309.23769,488.0,187.02982
1.0224948875255624,311.23769,489.0,187.02982
1.0204081632653061,313.23769,490.0,187.02982
1.0183299389002036,315.23769,491.0,187.02982
1.016260162601626,317.23769,492.0,187.02982
1.0141987829614605,319.23769,493.0,187.02982
1.0121457489878543,321.23769,494.0,187.02982
1.0101010101010102,323.23769,495.0,187.02982
1.0080645161290323,325.23769,496.0,187.02982
1.0060362173038229,327.23769,497.0,187.02982
1.0040160642570282,329.23769,498.0,187.02982
1.002004008016032,331.23769,499.0,187.02982
1.0,333.23769,500.0,187.02982
0.998003992015968,335.23769,501.0,187.02982
0.9960159362549801,337.23769,502.0,187.02982
0.9940357852882704,339.23769,503.0,187.02982
0.9920634920634921,341.23769,504.0,187.02982
0.9900990099009901,343.23769,505.0,187.02982
0.9881422924901185,345.23769,506.0,187.02982
0.9861932938856016,347.23769,507.0,187.02982
0.984251968503937,349.23769,508.0,187.02982
0.9823182711198428,351.23769,509.0,187.02982
0.9803921568627451,353.23769,510.0,187.02982
0.9784735812133072,355.23769,511.0,187.02982
0.9765625,357.23769,512.0,187.02982
0.9746588693957114,359.23769,513.0,187.02982
0.9727626459143969,361.23769,514.0,187.02982
0.970873786407767,363.23769,515.0,187.02982
0.9689922480620154,365.23769,516.0,187.02982
0.9671179883945842,367.23769,517.0,187.02982
0.9652509652509652,369.23769,518.0,187.02982
0.9633911368015414,371.23769,519.0,187.02982
0.9615384615384616,373.23769,520.0,187.02982
0.9596928982725528,375.23769,521.0,187.02982
0.9578544061302682,377.23769,522.0,187.02982
0.9560229445506692,379.23769,523.0,187.02982
0.9541984732824428,381.23769,524.0,187.02982
0.9523809523809523,383.23769,525.0,187.02982
0.9505703422053232,385.23769,526.0,187.02982
0.9487666034155597,387.23769,527.0,187.02982
0.946969696969697,389.23769,528.0,187.02982
0.945179584120983,391.23769,529.0,187.02982
0.9433962264150944,393.23769,530.0,187.02982
0.9416195856873822,395.23769,531.0,187.02982
0.9398496240601504,397.23769,532.0,187.02982
0.9380863039399625,399.23769,533.0,187.02982
0.9363295880149812,401.23769,534.0,187.02982
0.9345794392523364,403.23769,535.0,187.02982
0.9328358208955224,405.23769,536.0,187.02982
0.931098696461825,407.23769,537.0,187.02982
0.929368029739777,409.23769,538.0,187.02982
0.9276437847866419,411.23769,539.0,187.02982
0.9259259259259259,413.23769,540.0,187.02982
0.9242144177449169,415.23769,541.0,187.02982
0.922509225092251,417.23769,542.0,187.02982
0.9208103130755064,419.23769,543.0,187.02982
0.9191176470588235,421.23769,544.0,187.02982
0.9174311926605505,423.23769,545.0,187.02982
0.9157509157509157,425.23769,546.0,187.02982
0.9140767824497258,427.23769,547.0,187.02982
0.9124087591240876,429.23769,548.0,187.02982
0.9107468123861566,431.23769,549.0,187.02982
0.9090909090909091,433.23769,550.0,187.02982
0.9074410163339383,435.23769,551.0,187.02982
0.9057971014492754,437.23769,552.0,187.02982
0.9041591320072333,439.23769,553.0,187.02982
0.9025270758122743,441.23769,554.0,187.02982
0.9009009009009009,443.23769,555.0,187.02982
0.8992805755395683,445.23769,556.0,187.02982
0.8976660682226212,447.23769,557.0,187.02982
0.8960573476702509,449.23769,558.0,187.02982
0.8944543828264758,451.23769,559.0,187.02982
0.8928571428571429,453.23769,560.0,187.02982
0.8912655971479501,455.23769,561.0,187.02982
0.8896797153024911,457.23769,562.0,187.02982
0.8880994671403197,459.23769,563.0,187.02982
0.8865248226950354,461.23769,564.0,187.02982
0.8849557522123894,463.23769,565.0,187.02982
0.8833922261484098,465.23769,566.0,187.02982
0.8818342151675485,467.23769,567.0,187.02982
0.8802816901408451,469.23769,568.0,187.02982
0.8787346221441125,471.23769,569.0,187.02982
0.8771929824561403,473.23769,570.0,187.02982
0.8756567425569177,475.23769,571.0,187.02982
0.8741258741258742,477.23769,572.0,187.02982
0.8726003490401396,479.23769,573.0,187.02982
0.8710801393728222,481.23769,574.0,187.02982
0.8695652173913043,483.23769,575.0,187.02982
0.8680555555555556,485.23769,576.0,187.02982
0.8665511265164645,487.23769,577.0,187.02982
0.8650519031141869,489.23769,578.0,187.02982
0.8635578583765112,491.23769,579.0,187.02982
0.8620689655172413,493.23769,580.0,187.02982
0.8605851979345955,495.23769,581.0,187.02982
0.8591065292096219,497.23769,582.0,187.02982
0.8576329331046312,499.23769,583.0,187.02982
0.8561643835616438,501.23769,584.0,187.02982
0.8547008547008547,503.23769,585.0,187.02982
0.8532423208191127,505.23769,586.0,187.02982
0.8517887563884157,507.23769,587.0,187.02982
0.8503401360544217,509.23769,588.0,187.02982
0.8488964346349746,511.23769,589.0,187.02982
0.847457627118644,513.23769,590.0,187.02982
0.8460236886632826,515.23769,591.0,187.02982
0.8445945945945946,517.23769,592.0,187.02982
0.8431703204047217,519.23769,593.0,187.02982
0.8417508417508418,521.23769,594.0,187.02982
0.8403361344537815,523.23769,595.0,187.02982
0.8389261744966443,525.23769,596.0,187.02982
0.8375209380234506,527.23769,597.0,187.02982
0.8361204013377926,529.23769,598.0,187.02982
0.8347245409015025,531.23769,599.0,187.02982
0.8333333333333334,533.23769,600.0,187.02982
0.831946755407654,535.23769,601.0,187.02982
0.8305647840531561,537.23769,602.0,187.02982
0.8291873963515755,539.23769,603.0,187.02982
0.8278145695364238,541.23769,604.0,187.02982
0.8264462809917356,543.23769,605.0,187.02982
0.8250825082508251,545.23769,606.0,187.02982
0.8237232289950577,547.23769,607.0,187.02982
0.8223684210526315,549.23769,608.0,187.02982
0.8210180623973727,551.23769,609.0,187.02982
0.819672131147541,553.23769,610.0,187.02982
0.8183306055646481,555.23769,611.0,187.02982
0.8169934640522876,557.23769,612.0,187.02982
0.8156606851549756,559.23769,613.0,187.02982
0.8143322475570033,561.23769,614.0,187.02982
0.8130081300813008,563.23769,615.0,187.02982
0.8116883116883117,565.23769,616.0,187.02982
0.8103727714748784,567.23769,617.0,187.02982
0.8090614886731392,569.23769,618.0,187.02982
0.8077544426494345,571.23769,619.0,187.02982
0.8064516129032258,573.23769,620.0,187.02982
0.8051529790660226,575.23769,621.0,187.02982
0.8038585209003215,577.23769,622.0,187.02982
0.8025682182985554,579.23769,623.0,187.02982
0.8012820512820513,581.23769,624.0,187.02982
0.8,583.23769,625.0,187.02982
0.7987220447284346,585.23769,626.0,187.02982
0.7974481658692185,587.23769,627.0,187.02982
0.7961783439490446,589.23769,628.0,187.02982
0.794912559618442,591.23769,629.0,187.02982
0.7936507936507936,593.23769,630.0,187.02982
0.7923930269413629,595.23769,631.0,187.02982
0.7911392405063291,597.23769,632.0,187.02982
0.7898894154818326,599.23769,633.0,187.02982
0.7886435331230284,601.23769,634.0,187.02982
0.7874015748031497,603.23769,635.0,187.02982
0.7861635220125787,605.23769,636.0,187.02982
0.7849293563579278,607.23769,637.0,187.02982
0.7836990595611285,609.23769,638.0,187.02982
0.7824726134585289,611.23769,639.0,187.02982
0.78125,613.23769,640.0,187.02982
0.7800312012480499,615.23769,641.0,187.02982
0.778816199376947,617.23769,642.0,187.02982
0.7776049766718507,619.23769,643.0,187.02982
0.7763975155279503,621.23769,644.0,187.02982
0.7751937984496124,623.23769,645.0,187.02982
0.7739938080495357,625.23769,646.0,187.02982
0.7727975270479135,627.23769,647.0,187.02982
0.7716049382716049,629.23769,648.0,187.02982
0.7704160246533128,631.23769,649.0,187.02982
0.7692307692307693,633.23769,650.0,187.02982
0.7680491551459293,635.23769,651.0,187.02982
0.7668711656441718,637.23769,652.0,187.02982
0.7656967840735069,639.23769,653.0,187.02982
0.764525993883792,641.23769,654.0,187.02982
0.7633587786259542,643.23769,655.0,187.02982
0.7621951219512195,645.23769,656.0,187.02982
0.76103500761035,647.23769,657.0,187.02982
0.7598784194528876,649.23769,658.0,187.02982
0.7587253414264037,651.23769,659.0,187.02982
0.7575757575757576,653.23769,660.0,187.02982
0.75642965204236,655.23769,661.0,187.02982
0.7552870090634441,657.23769,662.0,187.02982
0.7541478129713424,659.23769,663.0,187.02982
0.7530120481927711,661.23769,664.0,187.02982
0.7518796992481203,663.23769,665.0,187.02982
0.7507507507507507,665.23769,666.0,187.02982
0.7496251874062968,667.23769,667.0,187.02982
0.7485029940119761,669.23769,668.0,187.02982
0.7473841554559043,671.23769,669.0,187.02982
0.746268656716418,673.23769,670.0,187.02982
0.7451564828614009,675.23769,671.0,187.02982
0.7440476190476191,677.23769,672.0,187.02982
0.7429420505200595,679.23769,673.0,187.02982
0.7418397626112759,681.23769,674.0,187.02982
0.7407407407407407,683.23769,675.0,187.02982
0.7396449704142012,685.23769,676.0,187.02982
0.7385524372230429,687.23769,677.0,187.02982
0.7374631268436578,689.23769,678.0,187.02982
0.7363770250368189,691.23769,679.0,187.02982
0.7352941176470589,693.23769,680.0,187.02982
0.7342143906020558,695.23769,681.0,187.02982
0.7331378299120235,697.23769,682.0,187.02982
0.7320644216691069,699.23769,683.0,187.02982
0.7309941520467836,701.23769,684.0,187.02982
0.7299270072992701,703.23769,685.0,187.02982
0.7288629737609329,705.23769,686.0,187.02982
0.727802037845706,707.23769,687.0,187.02982
0.7267441860465116,709.23769,688.0,187.02982
0.7256894049346879,711.23769,689.0,187.02982
0.7246376811594203,713.23769,690.0,187.02982
0.723589001447178,715.23769,691.0,187.02982
0.7225433526011561,717.23769,692.0,187.02982
0.7215007215007215,719.23769,693.0,187.02982
0.7204610951008645,721.23769,694.0,187.02982
0.7194244604316546,723.23769,695.0,187.02982
0.7183908045977011,725.23769,696.0,187.02982
0.7173601147776184,727.23769,697.0,187.02982
0.7163323782234957,729.23769,698.0,187.02982
0.7153075822603719,731.23769,699.0,187.02982
0.7142857142857143,733.23769,700.0,187.02982
0.7132667617689016,735.23769,701.0,187.02982
0.7122507122507122,737.23769,702.0,187.02982
0.7112375533428165,739.23769,703.0,187.02982
0.7102272727272727,741.23769,704.0,187.02982
0.7092198581560284,743.23769,705.0,187.02982
0.7082152974504249,745.23769,706.0,187.02982
0.7072135785007072,747.23769,707.0,187.02982
0.7062146892655368,749.23769,708.0,187.02982
0.7052186177715092,751.23769,709.0,187.02982
0.704225352112676,753.23769,710.0,187.02982
0.7032348804500703,755.23769,711.0,187.02982
0.702247191011236,757.23769,712.0,187.02982
0.7012622720897616,759.23769,713.0,187.02982
0.7002801120448179,761.23769,714.0,187.02982
0.6993006993006993,763.23769,715.0,187.02982
0.6983240223463687,765.23769,716.0,187.02982
0.697350069735007,767.23769,717.0,187.02982
0.6963788300835655,769.23769,718.0,187.02982
0.6954102920723226,771.23769,719.0,187.02982
0.6944444444444444,773.23769,720.0,187.02982
0.6934812760055479,775.23769,721.0,187.02982
0.6925207756232687,777.23769,722.0,187.02982
0.6915629322268326,779.23769,723.0,187.02982
0.6906077348066298,781.23769,724.0,187.02982
0.6896551724137931,783.23769,725.0,187.02982
0.6887052341597796,785.23769,726.0,187.02982
0.687757909215956,787.23769,727.0,187.02982
0.6868131868131868,789.23769,728.0,187.02982
0.6858710562414266,791.23769,729.0,187.02982
0.684931506849315,793.23769,730.0,187.02982
0.6839945280437757,795.23769,731.0,187.02982
0.6830601092896175,797.23769,732.0,187.02982
0.6821282401091405,799.23769,733.0,187.02982
0.6811989100817438,801.23769,734.0,187.02982
0.6802721088435374,803.23769,735.0,187.02982
0.6793478260869565,805.23769,736.0,187.02982
0.6784260515603799,807.23769,737.0,187.02982
0.6775067750677507,809.23769,738.0,187.02982
0.6765899864682002,811.23769,739.0,187.02982
0.6756756756756757,813.23769,740.0,187.02982
0.6747638326585695,815.23769,741.0,187.02982
0.6738544474393531,817.23769,742.0,187.02982
0.6729475100942126,819.23769,743.0,187.02982
0.6720430107526881,821.23769,744.0,187.02982
0.6711409395973155,823.23769,745.0,187.02982
0.6702412868632708,825.23769,746.0,187.02982
0.6693440428380187,827.23769,747.0,187.02982
0.6684491978609626,829.23769,748.0,187.02982
0.6675567423230975,831.23769,749.0,187.02982
0.6666666666666666,833.23769,750.0,187.02982
0.6657789613848203,835.23769,751.0,187.02982
0.6648936170212766,837.23769,752.0,187.02982
0.6640106241699867,839.23769,753.0,187.02982
0.6631299734748011,841.23769,754.0,187.02982
0.6622516556291391,843.23769,755.0,187.02982
0.6613756613756614,845.23769,756.0,187.02982
0.6605019815059445,847.23769,757.0,187.02982
0.6596306068601583,849.23769,758.0,187.02982
0.6587615283267457,851.23769,759.0,187.02982
0.6578947368421053,853.23769,760.0,187.02982
0.657030223390276,855.23769,761.0,187.02982
0.6561679790026247,857.23769,762.0,187.02982
0.6553079947575361,859.23769,763.0,187.02982
0.6544502617801047,861.23769,764.0,187.02982
0.6535947712418301,863.23769,765.0,187.02982
0.6527415143603134,865.23769,766.0,187.02982
0.651890482398957,867.23769,767.0,187.02982
0.6510416666666666,869.23769,768.0,187.02982
0.6501950585175552,871.23769,769.0,187.02982
0.6493506493506493,873.23769,770.0,187.02982
0.648508430609598,875.23769,771.0,187.02982
0.6476683937823834,877.23769,772.0,187.02982
0.6468305304010349,879.23769,773.0,187.02982
0.6459948320413437,881.23769,774.0,187.02982
0.6451612903225806,883.23769,775.0,187.02982
0.6443298969072165,885.23769,776.0,187.02982
0.6435006435006435,887.23769,777.0,187.02982
0.6426735218508998,889.23769,778.0,187.02982
0.6418485237483954,891.23769,779.0,187.02982
0.6410256410256411,893.23769,780.0,187.02982
0.6402048655569782,895.23769,781.0,187.02982
0.639386189258312,897.23769,782.0,187.02982
0.6385696040868455,899.23769,783.0,187.02982
0.6377551020408163,901.23769,784.0,187.02982
0.6369426751592356,903.23769,785.0,187.02982
0.6361323155216285,905.23769,786.0,187.02982
0.6353240152477764,907.23769,787.0,187.02982
0.6345177664974619,909.23769,788.0,187.02982
0.6337135614702155,911.23769,789.0,187.02982
0.6329113924050633,913.23769,790.0,187.02982
0.6321112515802781,915.23769,791.0,187.02982
0.6313131313131313,917.23769,792.0,187.02982
0.6305170239596469,919.23769,793.0,187.02982
0.6297229219143576,921.23769,794.0,187.02982
0.6289308176100629,923.23769,795.0,187.02982
0.628140703517588,925.23769,796.0,187.02982
0.6273525721455459,927.23769,797.0,187.02982
0.6265664160401002,929.23769,798.0,187.02982
0.6257822277847309,931.23769,799.0,187.02982
0.625,933.23769,800.0,187.02982
0.6242197253433208,935.23769,801.0,187.02982
0.6234413965087282,937.23769,802.0,187.02982
0.6226650062266501,939.23769,803.0,187.02982
0.6218905472636815,941.23769,804.0,187.02982
0.6211180124223602,943.23769,805.0,187.02982
0.6203473945409429,945.23769,806.0,187.02982
0.6195786864931846,947.23769,807.0,187.02982
0.6188118811881188,949.23769,808.0,187.02982
0.6180469715698393,951.23769,809.0,187.02982
0.6172839506172839,953.23769,810.0,187.02982
0.6165228113440198,955.23769,811.0,187.02982
0.6157635467980296,957.23769,812.0,187.02982
0.6150061500615006,959.23769,813.0,187.02982
0.6142506142506142,961.23769,814.0,187.02982
0.6134969325153374,963.23769,815.0,187.02982
0.6127450980392157,965.23769,816.0,187.02982
0.6119951040391677,967.23769,817.0,187.02982
0.6112469437652812,969.23769,818.0,187.02982
0.6105006105006106,971.23769,819.0,187.02982
0.6097560975609756,973.23769,820.0,187.02982
0.6090133982947625,975.23769,821.0,187.02982
0.6082725060827251,977.23769,822.0,187.02982
0.6075334143377886,979.23769,823.0,187.02982
0.6067961165048543,981.23769,824.0,187.02982
0.6060606060606061,983.23769,825.0,187.02982
0.6053268765133172,985.23769,826.0,187.02982
0.6045949214026602,987.23769,827.0,187.02982
0.6038647342995169,989.23769,828.0,187.02982
0.6031363088057901,991.23769,829.0,187.02982
0.6024096385542169,993.23769,830.0,187.02982
0.601684717208183,995.23769,831.0,187.02982
0.6009615384615384,997.23769,832.0,187.02982
0.6002400960384153,999.23769,833.0,187.02982
0.5995203836930456,1000.0,834.0,186.71412
0.5988023952095808,1000.0,835.0,186.20397
0.5980861244019139,1000.0,836.0,185.69382
0.5973715651135006,1000.0,837.0,185.18367
0.5966587112171837,1000.0,838.0,184.67353
0.5959475566150179,1000.0,839.0,184.16338
0.5952380952380952,1000.0,840.0,183.65323
0.5945303210463734,1000.0,841.0,183.14308
0.5938242280285035,1000.0,842.0,182.63293
0.5931198102016607,1000.0,843.0,182.12279
0.5924170616113744,1000.0,844.0,181.61264
0.591715976331361,1000.0,845.0,181.10249
0.5910165484633569,1000.0,846.0,180.59234
0.5903187721369539,1000.0,847.0,180.0822
0.589622641509434,1000.0,848.0,179.57205
0.5889281507656066,1000.0,849.0,179.0619
0.5882352941176471,1000.0,850.0,178.55175
0.5875440658049353,1000.0,851.0,178.0416
0.5868544600938967,1000.0,852.0,177.53146
0.5861664712778429,1000.0,853.0,177.02131
0.585480093676815,1000.0,854.0,176.51116
0.5847953216374269,1000.0,855.0,176.00101
0.5841121495327103,1000.0,856.0,175.49086
0.5834305717619603,1000.0,857.0,174.98072
0.5827505827505828,1000.0,858.0,174.47057
0.5820721769499418,1000.0,859.0,173.96042
0.5813953488372093,1000.0,860.0,173.45027
0.5807200929152149,1000.0,861.0,172.94012
0.580046403712297,1000.0,862.0,172.42998
0.5793742757821553,1000.0,863.0,171.91983
0.5787037037037037,1000.0,864.0,171.40968
0.5780346820809249,1000.0,865.0,170.89953
0.5773672055427251,1000.0,866.0,170.38939
0.5767012687427913,1000.0,867.0,169.87924
0.576036866359447,1000.0,868.0,169.36909
0.5753739930955121,1000.0,869.0,168.85894
0.5747126436781609,1000.0,870.0,168.34879
0.574052812858783,1000.0,871.0,167.83865
0.573394495412844,1000.0,872.0,167.3285
0.572737686139748,1000.0,873.0,166.81835
0.5720823798627003,1000.0,874.0,166.3082
0.5714285714285714,1000.0,875.0,165.79805
0.5707762557077626,1000.0,876.0,165.28791
0.5701254275940707,1000.0,877.0,164.77776
0.5694760820045558,1000.0,878.0,164.26761
0.5688282138794084,1000.0,879.0,163.75746
0.5681818181818182,1000.0,880.0,163.24732
0.5675368898978433,1000.0,881.0,162.73717
0.5668934240362812,1000.0,882.0,162.22702
0.5662514156285391,1000.0,883.0,161.71687
0.5656108597285068,1000.0,884.0,161.20672
0.5649717514124294,1000.0,885.0,160.69658
0.5643340857787811,1000.0,886.0,160.18643
0.5636978579481398,1000.0,887.0,159.67628
0.5630630630630631,1000.0,888.0,159.16613
0.562429696287964,1000.0,889.0,158.65598
0.5617977528089888,1000.0,890.0,158.14584
0.5611672278338945,1000.0,891.0,157.63569
0.5605381165919282,1000.0,892.0,157.12554
0.5599104143337066,1000.0,893.0,156.61539
0.5592841163310962,1000.0,894.0,156.10525
0.5586592178770949,1000.0,895.0,155.5951
0.5580357142857143,1000.0,896.0,155.08495
0.5574136008918618,1000.0,897.0,154.5748
0.5567928730512249,1000.0,898.0,154.06465
0.5561735261401557,1000.0,899.0,153.55451
0.5555555555555556,1000.0,900.0,153.04436
0.5549389567147613,1000.0,901.0,152.53421
0.5543237250554324,1000.0,902.0,152.02406
0.5537098560354374,1000.0,903.0,151.51391
0.5530973451327433,1000.0,904.0,151.00377
0.5524861878453039,1000.0,905.0,150.49362
0.5518763796909493,1000.0,906.0,149.98347
0.5512679162072768,1000.0,907.0,149.34785
0.5506607929515418,1000.0,908.0,148.41248
0.5500550055005501,1000.0,909.0,147.4771
0.5494505494505495,1000.0,910.0,146.54173
0.5488474204171241,1000.0,911.0,145.60636
0.5482456140350878,1000.0,912.0,144.67099
0.547645125958379,1000.0,913.0,143.73561
0.5470459518599562,1000.0,914.0,142.80024
0.546448087431694,1000.0,915.0,141.86487
0.5458515283842795,1000.0,916.0,140.9295
0.5452562704471101,1000.0,917.0,139.99412
0.5446623093681917,1000.0,918.0,139.05875
0.544069640914037,1000.0,919.0,138.12338
0.5434782608695652,1000.0,920.0,137.188
0.5428881650380022,1000.0,921.0,136.25263
0.5422993492407809,1000.0,922.0,135.31726
0.5417118093174431,1000.0,923.0,134.38189
0.5411255411255411,1000.0,924.0,133.44651
0.5405405405405406,1000.0,925.0,132.51114
0.5399568034557235,1000.0,926.0,131.57577
0.5393743257820928,1000.0,927.0,130.6404
0.5387931034482759,1000.0,928.0,129.70502
0.5382131324004306,1000.0,929.0,128.76965
0.5376344086021505,1000.0,930.0,127.83428
0.5370569280343717,1000.0,931.0,126.8989
0.5364806866952789,1000.0,932.0,125.96353
0.5359056806002144,1000.0,933.0,125.02816
0.5353319057815846,1000.0,934.0,124.09279
0.5347593582887701,1000.0,935.0,123.15741
0.5341880341880342,1000.0,936.0,122.22204
0.5336179295624333,1000.0,937.0,121.28667
0.5330490405117271,1000.0,938.0,120.35129
0.5324813631522897,1000.0,939.0,119.41592
0.5319148936170213,1000.0,940.0,118.48055
0.5313496280552603,1000.0,941.0,117.54518
0.5307855626326964,1000.0,942.0,116.6098
0.5302226935312832,1000.0,943.0,115.67443
0.5296610169491526,1000.0,944.0,114.73906
0.5291005291005291,1000.0,945.0,113.80369
0.5285412262156448,1000.0,946.0,112.86831
0.5279831045406547,1000.0,947.0,111.93294
0.5274261603375527,1000.0,948.0,110.99757
0.5268703898840885,1000.0,949.0,110.06219
0.5263157894736842,1000.0,950.0,109.12682
0.5257623554153522,1000.0,951.0,108.19145
0.5252100840336135,1000.0,952.0,107.25608
0.5246589716684156,1000.0,953.0,106.3207
0.5241090146750524,1000.0,954.0,105.38533
0.5235602094240838,1000.0,955.0,104.44996
0.5230125523012552,1000.0,956.0,103.51459
0.522466039707419,1000.0,957.0,102.57921
0.5219206680584552,1000.0,958.0,101.64384
0.5213764337851929,1000.0,959.0,100.70847
0.5208333333333334,1000.0,960.0,99.773094
0.5202913631633714,1000.0,961.0,98.837721
0.5197505197505198,1000.0,962.0,97.902349
0.5192107995846313,1000.0,963.0,96.966976
0.5186721991701245,1000.0,964.0,96.031603
0.5181347150259067,1000.0,965.0,95.09623
0.5175983436853002,1000.0,966.0,94.160858
0.5170630816959669,1000.0,967.0,93.225485
0.5165289256198347,1000.0,968.0,92.290112
0.5159958720330238,1000.0,969.0,91.354739
0.5154639175257731,1000.0,970.0,90.419367
0.5149330587023687,1000.0,971.0,89.483994
0.51440329218107,1000.0,972.0,88.548621
0.513874614594039,1000.0,973.0,87.613248
0.5133470225872689,1000.0,974.0,86.677876
0.5128205128205128,1000.0,975.0,85.742503
0.5122950819672131,1000.0,976.0,84.80713
0.5117707267144319,1000.0,977.0,83.871757
0.5112474437627812,1000.0,978.0,82.936385
0.5107252298263534,1000.0,979.0,82.001012
0.5102040816326531,1000.0,980.0,81.065639
0.509683995922528,1000.0,981.0,80.130266
0.5091649694501018,1000.0,982.0,79.194893
0.508646998982706,1000.0,983.0,78.259521
0.508130081300813,1000.0,984.0,77.324148
0.5076142131979695,1000.0,985.0,76.388775
0.5070993914807302,1000.0,986.0,75.453402
0.5065856129685917,1000.0,987.0,74.51803
0.5060728744939271,1000.0,988.0,73.582657
0.5055611729019212,1000.0,989.0,72.647284
0.5050505050505051,1000.0,990.0,71.711911
0.5045408678102926,1000.0,991.0,70.776539
0.5040322580645161,1000.0,992.0,69.841166
0.5035246727089627,1000.0,993.0,68.905793
0.5030181086519114,1000.0,994.0,67.97042
0.5025125628140703,1000.0,995.0,67.035048
0.5020080321285141,1000.0,996.0,66.099675
0.5015045135406219,1000.0,997.0,65.164302
0.501002004008016,1000.0,998.0,64.228929
0.5005005005005005,1000.0,999.0,63.293557
0.5,1000.0,1000.0,62.358184
0.4995004995004995,1000.0,1001.0,61.422811
0.499001996007984,1000.0,1002.0,60.487438
0.4985044865403789,1000.0,1003.0,59.552066
0.49800796812749004,1000.0,1004.0,58.616693
0.4975124378109453,1000.0,1005.0,57.68132
0.4970178926441352,1000.0,1006.0,56.745947
0.49652432969215493,1000.0,1007.0,55.810575
0.49603174603174605,1000.0,1008.0,54.875202
0.49554013875123887,1000.0,1009.0,53.939829
0.49504950495049505,1000.0,1010.0,53.004456
0.49455984174085066,1000.0,1011.0,52.069084
0.49407114624505927,1000.0,1012.0,51.133711
0.49358341559723595,1000.0,1013.0,50.198338
0.4930966469428008,1000.0,1014.0,49.262965
0.49261083743842365,1000.0,1015.0,48.327592
0.4921259842519685,1000.0,1016.0,47.39222
0.4916420845624385,1000.0,1017.0,46.456847
0.4911591355599214,1000.0,1018.0,45.521474
0.49067713444553485,1000.0,1019.0,44.586101
0.49019607843137253,1000.0,1020.0,43.650729
0.48971596474045054,1000.0,1021.0,42.715356
0.4892367906066536,1000.0,1022.0,41.779983
0.4887585532746823,1000.0,1023.0,40.84461
0.48828125,1000.0,1024.0,39.909238
0.4878048780487805,1000.0,1025.0,38.973865
0.4873294346978557,1000.0,1026.0,38.038492
0.48685491723466406,1000.0,1027.0,36.886713
0.48638132295719844,1000.0,1028.0,35.282943
0.4859086491739553,1000.0,1029.0,33.679173
0.4854368932038835,1000.0,1030.0,32.075403
0.48496605237633367,1000.0,1031.0,30.471633
0.4844961240310077,1000.0,1032.0,28.867863
0.484027105517909,1000.0,1033.0,27.264092
0.4835589941972921,1000.0,1034.0,25.660322
0.4830917874396135,1000.0,1035.0,24.056552
0.4826254826254826,1000.0,1036.0,22.452782
0.4821600771456123,1000.0,1037.0,20.849012
0.4816955684007707,1000.0,1038.0,19.245242
0.48123195380173245,1000.0,1039.0,17.641472
0.4807692307692308,1000.0,1040.0,16.037701
0.4803073967339097,1000.0,1041.0,14.433931
0.4798464491362764,1000.0,1042.0,12.830161
0.4793863854266539,1000.0,1043.0,11.226391
0.4789272030651341,1000.0,1044.0,9.6226209
0.4784688995215311,1000.0,1045.0,8.0188507
0.4780114722753346,1000.0,1046.0,6.4150806
0.4775549188156638,1000.0,1047.0,4.8113104
0.4770992366412214,1000.0,1048.0,3.2075403
0.47664442326024786,1000.0,1049.0,1.6037701
0.47619047619047616,1000.0,1050.0,0.0
