,R01049,R00268,R00351,R02740
3.7313432835820897,24.051848,0.0,0.0,58.479417
3.7037037037037037,24.051848,0.0,0.0,59.479417
3.676470588235294,24.051848,0.0,0.0,60.479417
3.6496350364963503,24.051848,0.0,0.0,61.479417
3.6231884057971016,24.051848,0.0,0.0,62.479417
3.597122302158273,24.051848,0.0,0.0,63.479417
3.5714285714285716,24.051848,0.0,0.0,64.479417
3.5460992907801416,24.051848,0.0,0.0,65.479417
3.5211267605633805,24.051848,0.0,0.0,66.479417
3.4965034965034967,24.051848,0.0,0.0,67.479417
3.4722222222222223,24.051848,0.0,0.0,68.479417
3.4482758620689653,24.051848,0.0,0.0,69.479417
3.4246575342465753,24.051848,0.0,0.0,70.479417
3.401360544217687,24.051848,0.0,0.0,71.479417
3.3783783783783785,24.051848,0.0,0.0,72.479417
3.3557046979865772,24.051848,0.0,0.0,73.479417
3.3333333333333335,24.051848,0.0,0.0,74.479417
3.3112582781456954,24.051848,0.0,0.0,75.479417
3.289473684210526,24.051848,0.0,0.0,76.479417
3.2679738562091503,24.051848,0.0,0.0,77.479417
3.2467532467532467,24.051848,0.0,0.0,78.479417
3.225806451612903,24.051848,0.0,0.0,79.479417
3.2051282051282053,24.051848,0.0,0.0,80.479417
3.1847133757961785,24.051848,0.0,0.0,81.479417
3.1645569620253164,24.051848,0.0,0.0,82.479417
3.1446540880503147,24.051848,0.0,0.0,83.479417
3.125,24.051848,0.0,0.0,84.479417
3.1055900621118013,24.051848,0.0,0.0,85.479417
3.0864197530864197,24.051848,0.0,0.0,86.479417
3.067484662576687,24.051848,0.0,0.0,87.479417
3.048780487804878,24.051848,0.0,0.0,88.479417
3.0303030303030303,24.051848,0.0,0.0,89.479417
3.0120481927710845,24.051848,0.0,0.0,90.479417
2.9940119760479043,24.051848,0.0,0.0,91.479417
2.9761904761904763,24.051848,0.0,0.0,92.479417
2.9585798816568047,24.051848,0.0,0.0,93.479417
2.9411764705882355,24.051848,0.0,0.0,94.479417
2.9239766081871346,24.051848,0.0,0.0,95.479417
2.9069767441860463,24.051848,0.0,0.0,96.479417
2.8901734104046244,24.051848,0.0,0.0,97.479417
2.8735632183908044,24.051848,0.0,0.0,98.479417
2.857142857142857,24.051848,0.0,0.0,99.479417
2.840909090909091,24.051848,0.0,0.0,100.47942
2.824858757062147,24.051848,0.0,0.0,101.47942
2.808988764044944,24.051848,0.0,0.0,102.47942
2.793296089385475,24.051848,0.0,0.0,103.47942
2.7777777777777777,24.051848,0.0,0.0,104.47942
2.7624309392265194,24.051848,0.0,0.0,105.47942
2.7472527472527473,24.051848,0.0,0.0,106.47942
2.73224043715847,24.051848,0.0,0.0,107.47942
2.717391304347826,24.051848,0.0,0.0,108.47942
2.7027027027027026,24.051848,0.0,0.0,109.47942
2.6881720430107525,24.051848,0.0,0.0,110.47942
2.6737967914438503,24.051848,0.0,0.0,111.47942
2.6595744680851063,24.051848,0.0,0.0,112.47942
2.6455026455026456,24.051848,0.0,0.0,113.47942
2.6315789473684212,24.051848,0.0,0.0,114.47942
2.6178010471204187,24.051848,0.0,0.0,115.47942
2.6041666666666665,24.051848,0.0,0.0,116.47942
2.5906735751295336,24.051848,0.0,0.0,117.47942
2.577319587628866,24.051848,0.0,0.0,118.47942
2.5641025641025643,24.051848,0.0,0.0,119.47942
2.5510204081632653,24.051848,0.0,0.0,120.47942
2.5380710659898478,24.051848,0.0,0.0,121.47942
2.525252525252525,24.051848,0.0,0.0,122.47942
2.512562814070352,24.051848,0.0,0.0,123.47942
2.5,24.051848,0.0,0.0,124.47942
2.487562189054726,24.051848,0.0,0.0,125.47942
2.4752475247524752,24.051848,0.0,0.0,126.47942
2.4630541871921183,24.051848,0.0,0.0,127.47942
2.450980392156863,24.051848,0.0,0.0,128.47942
2.4390243902439024,24.051848,0.0,0.0,129.47942
2.4271844660194173,24.051848,0.0,0.0,130.47942
2.4154589371980677,24.051848,0.0,0.0,131.47942
2.4038461538461537,24.051848,0.0,0.0,132.47942
2.3923444976076556,24.051848,0.0,0.0,133.47942
2.380952380952381,24.051848,0.0,0.0,134.47942
2.3696682464454977,24.051848,0.0,0.0,135.47942
2.358490566037736,24.051848,0.0,0.0,136.47942
2.347417840375587,24.051848,0.0,0.0,137.47942
2.336448598130841,24.051848,0.0,0.0,138.47942
2.3255813953488373,24.051848,0.0,0.0,139.47942
2.314814814814815,24.051848,0.0,0.0,140.47942
2.304147465437788,24.051848,0.0,0.0,141.47942
2.293577981651376,24.051848,0.0,0.0,142.47942
2.2831050228310503,24.051848,0.0,0.0,143.47942
2.272727272727273,24.051848,0.0,0.0,144.47942
2.262443438914027,24.051848,0.0,0.0,145.47942
2.2522522522522523,24.051848,0.0,0.0,146.47942
2.242152466367713,24.051848,0.0,0.0,147.47942
2.232142857142857,24.051848,0.0,0.0,148.47942
2.2222222222222223,24.051848,0.0,0.0,149.47942
2.2123893805309733,24.051848,0.0,0.0,150.47942
2.202643171806167,24.051848,0.0,0.0,151.47942
2.192982456140351,24.051848,0.0,0.0,152.47942
2.183406113537118,24.051848,0.0,0.0,153.47942
2.1739130434782608,24.051848,0.0,0.0,154.47942
2.1645021645021645,24.051848,0.0,0.0,155.47942
2.1551724137931036,24.051848,0.0,0.0,156.47942
2.1459227467811157,24.051848,0.0,0.0,157.47942
2.1367521367521367,24.051848,0.0,0.0,158.47942
2.127659574468085,24.051848,0.0,0.0,159.47942
2.1186440677966103,24.051848,0.0,0.0,160.47942
2.109704641350211,24.051848,0.0,0.0,161.47942
2.100840336134454,24.051848,0.0,0.0,162.47942
2.092050209205021,24.051848,0.0,0.0,163.47942
2.0833333333333335,24.051848,0.0,0.0,164.47942
2.074688796680498,24.051848,0.0,0.0,165.47942
2.0661157024793386,24.051848,0.0,0.0,166.47942
2.05761316872428,24.051848,0.0,0.0,167.47942
2.0491803278688523,24.051848,0.0,0.0,168.47942
2.0408163265306123,24.051848,0.0,0.0,169.47942
2.032520325203252,24.051848,0.0,0.0,170.47942
2.0242914979757085,24.051848,0.0,0.0,171.47942
2.0161290322580645,24.051848,0.0,0.0,172.47942
2.0080321285140563,24.051848,0.0,0.0,173.47942
2.0,24.051848,0.0,0.0,174.47942
1.9920318725099602,24.051848,0.0,0.0,175.47942
1.9841269841269842,24.051848,0.0,0.0,176.47942
1.976284584980237,24.051848,0.0,0.0,177.47942
1.968503937007874,24.051848,0.0,0.0,178.47942
1.9607843137254901,24.051848,0.0,0.0,179.47942
1.953125,24.051848,0.0,0.0,180.47942
1.9455252918287937,24.051848,0.0,0.0,181.47942
1.937984496124031,24.051848,0.0,0.0,182.47942
1.9305019305019304,24.051848,0.0,0.0,183.47942
1.9230769230769231,24.051848,0.0,0.0,184.47942
1.9157088122605364,24.051848,0.0,0.0,185.47942
1.9083969465648856,24.051848,0.0,0.0,186.47942
1.9011406844106464,24.051848,0.0,0.0,187.47942
1.893939393939394,24.051848,0.0,0.0,188.47942
1.8867924528301887,24.051848,0.0,0.0,189.47942
1.8796992481203008,24.051848,0.0,0.0,190.47942
1.8726591760299625,24.051848,0.0,0.0,191.47942
1.8656716417910448,24.051848,0.0,0.0,192.47942
1.858736059479554,24.051848,0.0,0.0,193.47942
1.8518518518518519,24.051848,0.0,0.0,194.47942
1.845018450184502,24.051848,0.0,0.0,195.47942
1.838235294117647,24.051848,0.0,0.0,196.47942
1.8315018315018314,24.051848,0.0,0.0,197.47942
1.8248175182481752,24.051848,0.0,0.0,198.47942
1.8181818181818181,24.051848,0.0,0.0,199.47942
1.8115942028985508,24.051848,0.0,0.0,200.47942
1.8050541516245486,24.051848,0.0,0.0,201.47942
1.7985611510791366,24.051848,0.0,0.0,202.47942
1.7921146953405018,24.051848,0.0,0.0,203.47942
1.7857142857142858,24.051848,0.0,0.0,204.47942
1.7793594306049823,24.051848,0.0,0.0,205.47942
1.7730496453900708,24.051848,0.0,0.0,206.47942
1.7667844522968197,24.051848,0.0,0.0,207.47942
1.7605633802816902,24.051848,0.0,0.0,208.47942
1.7543859649122806,24.051848,0.0,0.0,209.47942
1.7482517482517483,24.051848,0.0,0.0,210.47942
1.7421602787456445,24.051848,0.0,0.0,211.47942
1.7361111111111112,24.051848,0.0,0.0,212.47942
1.7301038062283738,24.051848,0.0,0.0,213.47942
1.7241379310344827,24.051848,0.0,0.0,214.47942
1.7182130584192439,24.051848,0.0,0.0,215.47942
1.7123287671232876,24.051848,0.0,0.0,216.47942
1.7064846416382253,24.051848,0.0,0.0,217.47942
1.7006802721088434,24.051848,0.0,0.0,218.47942
1.694915254237288,24.051848,0.0,0.0,219.47942
1.6891891891891893,24.051848,0.0,0.0,220.47942
1.6835016835016836,24.051848,0.0,0.0,221.47942
1.6778523489932886,24.051848,0.0,0.0,222.47942
1.6722408026755853,24.051848,0.0,0.0,223.47942
1.6666666666666667,24.051848,0.0,0.0,224.47942
1.6611295681063123,24.051848,0.0,0.0,225.47942
1.6556291390728477,24.051848,0.0,0.0,226.47942
1.6501650165016502,24.051848,0.0,0.0,227.47942
1.644736842105263,24.051848,0.0,0.0,228.47942
1.639344262295082,24.051848,0.0,0.0,229.47942
1.6339869281045751,24.051848,0.0,0.0,230.47942
1.6286644951140066,24.051848,0.0,0.0,231.47942
1.6233766233766234,24.051848,0.0,0.0,232.47942
1.6181229773462784,24.051848,0.0,0.0,233.47942
1.6129032258064515,24.051848,0.0,0.0,234.47942
1.607717041800643,24.051848,0.0,0.0,235.47942
1.6025641025641026,24.051848,0.0,0.0,236.47942
1.597444089456869,24.051848,0.0,0.0,237.47942
1.5923566878980893,24.051848,0.0,0.0,238.47942
1.5873015873015872,24.051848,0.0,0.0,239.47942
1.5822784810126582,24.051848,0.0,0.0,240.47942
1.5772870662460567,24.051848,0.0,0.0,241.47942
1.5723270440251573,24.051848,0.0,0.0,242.47942
1.567398119122257,24.051848,0.0,0.0,243.47942
1.5625,24.051848,0.0,0.0,244.47942
1.557632398753894,24.051848,0.0,0.0,245.47942
1.5527950310559007,24.051848,0.0,0.0,246.47942
1.5479876160990713,24.051848,0.0,0.0,247.47942
1.5432098765432098,24.051848,0.0,0.0,248.47942
1.5384615384615385,24.051848,0.0,0.0,249.47942
1.5337423312883436,24.051848,0.0,0.0,250.47942
1.529051987767584,24.051848,0.0,0.0,251.47942
1.524390243902439,24.051848,0.0,0.0,252.47942
1.5197568389057752,24.051848,0.0,0.0,253.47942
1.5151515151515151,24.051848,0.0,0.0,254.47942
1.5105740181268883,24.051848,0.0,0.0,255.47942
1.5060240963855422,24.051848,0.0,0.0,256.47942
1.5015015015015014,24.051848,0.0,0.0,257.47942
1.4970059880239521,24.051848,0.0,0.0,258.47942
1.492537313432836,24.051848,0.0,0.0,259.47942
1.4880952380952381,24.051848,0.0,0.0,260.47942
1.4836795252225519,24.051848,0.0,0.0,261.47942
1.4792899408284024,24.051848,0.0,0.0,262.47942
1.4749262536873156,24.051848,0.0,0.0,263.47942
1.4705882352941178,24.051848,0.0,0.0,264.47942
1.466275659824047,24.051848,0.0,0.0,265.47942
1.4619883040935673,24.051848,0.0,0.0,266.47942
1.4577259475218658,24.051848,0.0,0.0,267.47942
1.4534883720930232,24.051848,0.0,0.0,268.47942
1.4492753623188406,24.051848,0.0,0.0,269.47942
1.4450867052023122,24.051848,0.0,0.0,270.47942
1.440922190201729,24.051848,0.0,0.0,271.47942
1.4367816091954022,24.051848,0.0,0.0,272.47942
1.4326647564469914,24.051848,0.0,0.0,273.47942
1.4285714285714286,24.051848,0.0,0.0,274.47942
1.4245014245014245,24.051848,0.0,0.0,275.47942
1.4204545454545454,24.051848,0.0,0.0,276.47942
1.4164305949008498,24.051848,0.0,0.0,277.47942
1.4124293785310735,24.051848,0.0,0.0,278.47942
1.408450704225352,24.051848,0.0,0.0,279.47942
1.404494382022472,24.051848,0.0,0.0,280.47942
1.4005602240896358,24.051848,0.0,0.0,281.47942
1.3966480446927374,24.051848,0.0,0.0,282.47942
1.392757660167131,24.051848,0.0,0.0,283.47942
1.3888888888888888,24.051848,0.0,0.0,284.47942
1.3850415512465375,24.051848,0.0,0.0,285.47942
1.3812154696132597,24.051848,0.0,0.0,286.47942
1.3774104683195592,24.051848,0.0,0.0,287.47942
1.3736263736263736,24.051848,0.0,0.0,288.47942
1.36986301369863,24.051848,0.0,0.0,289.47942
1.366120218579235,24.051848,0.0,0.0,290.47942
1.3623978201634876,24.051848,0.0,0.0,291.47942
1.358695652173913,24.051848,0.0,0.0,292.47942
1.3550135501355014,24.051848,0.0,0.0,293.47942
1.3513513513513513,24.051848,0.0,0.0,294.47942
1.3477088948787062,24.051848,0.0,0.0,295.47942
1.3440860215053763,24.051848,0.0,0.0,296.47942
1.3404825737265416,24.051848,0.0,0.0,297.47942
1.3368983957219251,24.051848,0.0,0.0,298.47942
1.3333333333333333,24.051848,0.0,0.0,299.47942
1.3297872340425532,24.051848,0.0,0.0,300.47942
1.3262599469496021,24.051848,0.0,0.0,301.47942
1.3227513227513228,24.051848,0.0,0.0,302.47942
1.3192612137203166,24.051848,0.0,0.0,303.47942
1.3157894736842106,24.051848,0.0,0.0,304.47942
1.3123359580052494,24.051848,0.0,0.0,305.47942
1.3089005235602094,24.051848,0.0,0.0,306.47942
1.3054830287206267,24.051848,0.0,0.0,307.47942
1.3020833333333333,24.051848,0.0,0.0,308.47942
1.2987012987012987,24.051848,0.0,0.0,309.47942
1.2953367875647668,24.051848,0.0,0.0,310.47942
1.2919896640826873,24.051848,0.0,0.0,311.47942
1.288659793814433,24.051848,0.0,0.0,312.47942
1.2853470437017995,24.051848,0.0,0.0,313.47942
1.2820512820512822,24.051848,0.0,0.0,314.47942
1.278772378516624,24.051848,0.0,0.0,315.47942
1.2755102040816326,24.051848,0.0,0.0,316.47942
1.272264631043257,24.051848,0.0,0.0,317.47942
1.2690355329949239,24.051848,0.0,0.0,318.47942
1.2658227848101267,24.051848,0.0,0.0,319.47942
1.2626262626262625,24.051848,0.0,0.0,320.47942
1.2594458438287153,24.051848,0.0,0.0,321.47942
1.256281407035176,24.051848,0.0,0.0,322.47942
1.2531328320802004,24.051848,0.0,0.0,323.47942
1.25,24.051848,0.0,0.0,324.47942
1.2468827930174564,24.051848,0.0,0.0,325.47942
1.243781094527363,24.051848,0.0,0.0,326.47942
1.2406947890818858,24.051848,0.0,0.0,327.47942
1.2376237623762376,24.051848,0.0,0.0,328.47942
1.2345679012345678,24.051848,0.0,0.0,329.47942
1.2315270935960592,24.051848,0.0,0.0,330.47942
1.2285012285012284,24.051848,0.0,0.0,331.47942
1.2254901960784315,24.051848,0.0,0.0,332.47942
1.2224938875305624,24.051848,0.0,0.0,333.47942
1.2195121951219512,24.051848,0.0,0.0,334.47942
1.2165450121654502,24.051848,0.0,0.0,335.47942
1.2135922330097086,24.051848,0.0,0.0,336.47942
1.2106537530266344,24.051848,0.0,0.0,337.47942
1.2077294685990339,24.051848,0.0,0.0,338.47942
1.2048192771084338,24.051848,0.0,0.0,339.47942
1.2019230769230769,24.051848,0.0,0.0,340.47942
1.1990407673860912,24.051848,0.0,0.0,341.47942
1.1961722488038278,24.051848,0.0,0.0,342.47942
1.1933174224343674,24.051848,0.0,0.0,343.47942
1.1904761904761905,24.051848,0.0,0.0,344.47942
1.187648456057007,24.051848,0.0,0.0,345.47942
1.1848341232227488,24.051848,0.0,0.0,346.47942
1.1820330969267139,24.051848,0.0,0.0,347.47942
1.179245283018868,24.051848,0.0,0.0,348.47942
1.1764705882352942,24.051848,0.0,0.0,349.47942
1.1737089201877935,24.051848,0.0,0.0,350.47942
1.17096018735363,24.051848,0.0,0.0,351.47942
1.1682242990654206,24.051848,0.0,0.0,352.47942
1.1655011655011656,24.051848,0.0,0.0,353.47942
1.1627906976744187,24.051848,0.0,0.0,354.47942
1.160092807424594,24.051848,0.0,0.0,355.47942
1.1574074074074074,24.051848,0.0,0.0,356.47942
1.1547344110854503,24.051848,0.0,0.0,357.47942
1.152073732718894,24.051848,0.0,0.0,358.47942
1.1494252873563218,24.051848,0.0,0.0,359.47942
1.146788990825688,24.051848,0.0,0.0,360.47942
1.1441647597254005,24.051848,0.0,0.0,361.47942
1.1415525114155252,24.051848,0.0,0.0,362.47942
1.1389521640091116,24.051848,0.0,0.0,363.47942
1.1363636363636365,24.051848,0.0,0.0,364.47942
1.1337868480725624,24.051848,0.0,0.0,365.47942
1.1312217194570136,24.051848,0.0,0.0,366.47942
1.1286681715575622,24.051848,0.0,0.0,367.47942
1.1261261261261262,24.051848,0.0,0.0,368.47942
1.1235955056179776,24.051848,0.0,0.0,369.47942
1.1210762331838564,24.051848,0.0,0.0,370.47942
1.1185682326621924,24.051848,0.0,0.0,371.47942
1.1160714285714286,24.051848,0.0,0.0,372.47942
1.1135857461024499,24.051848,0.0,0.0,373.47942
1.1111111111111112,24.051848,0.0,0.0,374.47942
1.1086474501108647,24.051848,0.0,0.0,375.47942
1.1061946902654867,24.051848,0.0,0.0,376.47942
1.1037527593818985,24.051848,0.0,0.0,377.47942
1.1013215859030836,24.051848,0.0,0.0,378.47942
1.098901098901099,24.051848,0.0,0.0,379.47942
1.0964912280701755,24.051848,0.0,0.0,380.47942
1.0940919037199124,24.051848,0.0,0.0,381.47942
1.091703056768559,24.051848,0.0,0.0,382.47942
1.0893246187363834,24.051848,0.0,0.0,383.47942
1.0869565217391304,24.051848,0.0,0.0,384.47942
1.0845986984815619,24.051848,0.0,0.0,385.47942
1.0822510822510822,24.051848,0.0,0.0,386.47942
1.079913606911447,24.051848,0.0,0.0,387.47942
1.0775862068965518,24.051848,0.0,0.0,388.47942
1.075268817204301,24.051848,0.0,0.0,389.47942
1.0729613733905579,24.051848,0.0,0.0,390.47942
1.0706638115631693,24.051848,0.0,0.0,391.47942
1.0683760683760684,24.051848,0.0,0.0,392.47942
1.0660980810234542,24.051848,0.0,0.0,393.47942
1.0638297872340425,24.051848,0.0,0.0,394.47942
1.0615711252653928,24.051848,0.0,0.0,395.47942
1.0593220338983051,24.051848,0.0,0.0,396.47942
1.0570824524312896,24.051848,0.0,0.0,397.47942
1.0548523206751055,24.051848,0.0,0.0,398.47942
1.0526315789473684,24.051848,0.0,0.0,399.47942
1.050420168067227,24.051848,0.0,0.0,400.47942
1.0482180293501049,24.051848,0.0,0.0,401.47942
1.0460251046025104,24.051848,0.0,0.0,402.47942
1.0438413361169103,24.051848,0.0,0.0,403.47942
1.0416666666666667,24.051848,0.0,0.0,404.47942
1.0395010395010396,24.051848,0.0,0.0,405.47942
1.037344398340249,24.051848,0.0,0.0,406.47942
1.0351966873706004,24.051848,0.0,0.0,407.47942
1.0330578512396693,24.051848,0.0,0.0,408.47942
1.0309278350515463,24.051848,0.0,0.0,409.47942
1.02880658436214,24.051848,0.0,0.0,410.47942
1.0266940451745379,24.051848,0.0,0.0,411.47942
1.0245901639344261,24.051848,0.0,0.0,412.47942
1.0224948875255624,24.051848,0.0,0.0,413.47942
1.0204081632653061,24.051848,0.0,0.0,414.47942
1.0183299389002036,24.051848,0.0,0.0,415.47942
1.016260162601626,24.051848,0.0,0.0,416.47942
1.0141987829614605,24.051848,0.0,0.0,417.47942
1.0121457489878543,24.051848,0.0,0.0,418.47942
1.0101010101010102,24.051848,0.0,0.0,419.47942
1.0080645161290323,24.051848,0.0,0.0,420.47942
1.0060362173038229,24.051848,0.0,0.0,421.47942
1.0040160642570282,24.051848,0.0,0.0,422.47942
1.002004008016032,24.051848,0.0,0.0,423.47942
1.0,24.051848,0.0,0.0,424.47942
0.998003992015968,24.051848,0.0,0.0,425.47942
0.9960159362549801,24.051848,0.0,0.0,426.47942
0.9940357852882704,24.051848,0.0,0.0,427.47942
0.9920634920634921,24.051848,0.0,0.0,428.47942
0.9900990099009901,24.051848,0.0,0.0,429.47942
0.9881422924901185,24.051848,0.0,0.0,430.47942
0.9861932938856016,24.051848,0.0,0.0,431.47942
0.984251968503937,24.051848,0.0,0.0,432.47942
0.9823182711198428,24.051848,0.0,0.0,433.47942
0.9803921568627451,24.051848,0.0,0.0,434.47942
0.9784735812133072,24.051848,0.0,0.0,435.47942
0.9765625,24.051848,0.0,0.0,436.47942
0.9746588693957114,24.051848,0.0,0.0,437.47942
0.9727626459143969,24.051848,0.0,0.0,438.47942
0.970873786407767,24.051848,0.0,0.0,439.47942
0.9689922480620154,24.051848,0.0,0.0,440.47942
0.9671179883945842,24.051848,0.0,0.0,441.47942
0.9652509652509652,24.051848,0.0,0.0,442.47942
0.9633911368015414,24.051848,0.0,0.0,443.47942
0.9615384615384616,24.051848,0.0,0.0,444.47942
0.9596928982725528,24.051848,0.0,0.0,445.47942
0.9578544061302682,24.051848,0.0,0.0,446.47942
0.9560229445506692,24.051848,0.0,0.0,447.47942
0.9541984732824428,24.051848,0.0,0.0,448.47942
0.9523809523809523,24.051848,0.0,0.0,449.47942
0.9505703422053232,24.051848,0.0,0.0,450.47942
0.9487666034155597,24.051848,0.0,0.0,451.47942
0.946969696969697,24.051848,0.0,0.0,452.47942
0.945179584120983,24.051848,0.0,0.0,453.47942
0.9433962264150944,24.051848,0.0,0.0,454.47942
0.9416195856873822,24.051848,0.0,0.0,455.47942
0.9398496240601504,24.051848,0.0,0.0,456.47942
0.9380863039399625,24.051848,0.0,0.0,457.47942
0.9363295880149812,24.051848,0.0,0.0,458.47942
0.9345794392523364,24.051848,0.0,0.0,459.47942
0.9328358208955224,24.051848,0.0,0.0,460.47942
0.931098696461825,24.051848,0.0,0.0,461.47942
0.929368029739777,24.051848,0.0,0.0,462.47942
0.9276437847866419,24.051848,0.0,0.0,463.47942
0.9259259259259259,24.051848,0.0,0.0,464.47942
0.9242144177449169,24.051848,0.0,0.0,465.47942
0.922509225092251,24.051848,0.0,0.0,466.47942
0.9208103130755064,24.051848,0.0,0.0,467.47942
0.9191176470588235,24.051848,0.0,0.0,468.47942
0.9174311926605505,24.051848,0.0,0.0,469.47942
0.9157509157509157,24.051848,0.0,0.0,470.47942
0.9140767824497258,24.051848,0.0,0.0,471.47942
0.9124087591240876,24.051848,0.0,0.0,472.47942
0.9107468123861566,24.051848,0.0,0.0,473.47942
0.9090909090909091,24.051848,0.0,0.0,474.47942
0.9074410163339383,24.051848,0.0,0.0,475.47942
0.9057971014492754,24.051848,0.0,0.0,476.47942
0.9041591320072333,24.051848,0.0,0.0,477.47942
0.9025270758122743,24.051848,0.0,0.0,478.47942
0.9009009009009009,24.051848,0.0,0.0,479.47942
0.8992805755395683,24.051848,0.0,0.0,480.47942
0.8976660682226212,24.051848,0.0,0.0,481.47942
0.8960573476702509,24.051848,0.0,0.0,482.47942
0.8944543828264758,24.051848,0.0,0.0,483.47942
0.8928571428571429,24.051848,0.0,0.0,484.47942
0.8912655971479501,24.051848,0.0,0.0,485.47942
0.8896797153024911,24.051848,0.0,0.0,486.47942
0.8880994671403197,24.051848,0.0,0.0,487.47942
0.8865248226950354,24.051848,0.0,0.0,488.47942
0.8849557522123894,24.051848,0.0,0.0,489.47942
0.8833922261484098,24.051848,0.0,0.0,490.47942
0.8818342151675485,24.051848,0.0,0.0,491.47942
0.8802816901408451,24.051848,0.0,0.0,492.47942
0.8787346221441125,24.051848,0.0,0.0,493.47942
0.8771929824561403,24.051848,0.0,0.0,494.47942
0.8756567425569177,24.051848,0.0,0.0,495.47942
0.8741258741258742,24.051848,0.0,0.0,496.47942
0.8726003490401396,24.051848,0.0,0.0,497.47942
0.8710801393728222,24.051848,0.0,0.0,498.47942
0.8695652173913043,24.051848,0.0,0.0,499.47942
0.8680555555555556,24.051848,0.0,0.0,500.47942
0.8665511265164645,24.051848,0.0,0.0,501.47942
0.8650519031141869,24.051848,0.0,0.0,502.47942
0.8635578583765112,24.051848,0.0,0.0,503.47942
0.8620689655172413,24.051848,0.0,0.0,504.47942
0.8605851979345955,24.051848,0.0,0.0,505.47942
0.8591065292096219,24.051848,0.0,0.0,506.47942
0.8576329331046312,24.051848,0.0,0.0,507.47942
0.8561643835616438,24.051848,0.0,0.0,508.47942
0.8547008547008547,24.051848,0.0,0.0,509.47942
0.8532423208191127,24.051848,0.0,0.0,510.47942
0.8517887563884157,24.051848,0.0,0.0,511.47942
0.8503401360544217,24.051848,0.0,0.0,512.47942
0.8488964346349746,24.051848,0.0,0.0,513.47942
0.847457627118644,24.051848,0.0,0.0,514.47942
0.8460236886632826,24.051848,0.0,0.0,515.47942
0.8445945945945946,24.051848,0.0,0.0,516.47942
0.8431703204047217,24.051848,0.0,0.0,517.47942
0.8417508417508418,24.051848,0.0,0.0,518.47942
0.8403361344537815,24.051848,0.0,0.0,519.47942
0.8389261744966443,24.051848,0.0,0.0,520.47942
0.8375209380234506,24.051848,0.0,0.0,521.47942
0.8361204013377926,24.051848,0.0,0.0,522.47942
0.8347245409015025,24.051848,0.0,0.0,523.47942
0.8333333333333334,24.051848,0.0,0.0,524.47942
0.831946755407654,24.051848,0.0,0.0,525.47942
0.8305647840531561,24.051848,0.0,0.0,526.47942
0.8291873963515755,24.051848,0.0,0.0,527.47942
0.8278145695364238,24.051848,0.0,0.0,528.47942
0.8264462809917356,24.051848,0.0,0.0,529.47942
0.8250825082508251,24.051848,0.0,0.0,530.47942
0.8237232289950577,24.051848,0.0,0.0,531.47942
0.8223684210526315,24.051848,0.0,0.0,532.47942
0.8210180623973727,24.051848,0.0,0.0,533.47942
0.819672131147541,24.051848,0.0,0.0,534.47942
0.8183306055646481,24.051848,0.0,0.0,535.47942
0.8169934640522876,24.051848,0.0,0.0,536.47942
0.8156606851549756,24.051848,0.0,0.0,537.47942
0.8143322475570033,24.051848,0.0,0.0,538.47942
0.8130081300813008,24.051848,0.0,0.0,539.47942
0.8116883116883117,24.051848,0.0,0.0,540.47942
0.8103727714748784,24.051848,0.0,0.0,541.47942
0.8090614886731392,24.051848,0.0,0.0,542.47942
0.8077544426494345,24.051848,0.0,0.0,543.47942
0.8064516129032258,24.051848,0.0,0.0,544.47942
0.8051529790660226,24.051848,0.0,0.0,545.47942
0.8038585209003215,24.051848,0.0,0.0,546.47942
0.8025682182985554,24.051848,0.0,0.0,547.47942
0.8012820512820513,24.051848,0.0,0.0,548.47942
0.8,24.051848,0.0,0.0,549.47942
0.7987220447284346,24.051848,0.0,0.0,550.47942
0.7974481658692185,24.051848,0.0,0.0,551.47942
0.7961783439490446,24.051848,0.0,0.0,552.47942
0.794912559618442,24.051848,0.0,0.0,553.47942
0.7936507936507936,24.051848,0.0,0.0,554.47942
0.7923930269413629,24.051848,0.0,0.0,555.47942
0.7911392405063291,24.051848,0.0,0.0,556.47942
0.7898894154818326,24.051848,0.0,0.0,557.47942
0.7886435331230284,24.051848,0.0,0.0,558.47942
0.7874015748031497,24.051848,0.0,0.0,559.47942
0.7861635220125787,24.051848,0.0,0.0,560.47942
0.7849293563579278,24.051848,0.0,0.0,561.47942
0.7836990595611285,24.051848,0.0,0.0,562.47942
0.7824726134585289,24.051848,0.0,0.0,563.47942
0.78125,24.051848,0.0,0.0,564.47942
0.7800312012480499,24.051848,0.0,0.0,565.47942
0.778816199376947,24.051848,0.0,0.0,566.47942
0.7776049766718507,24.051848,0.0,0.0,567.47942
0.7763975155279503,24.051848,0.0,0.0,568.47942
0.7751937984496124,24.051848,0.0,0.0,569.47942
0.7739938080495357,24.051848,0.0,0.0,570.47942
0.7727975270479135,24.051848,0.0,0.0,571.47942
0.7716049382716049,24.051848,0.0,0.0,572.47942
0.7704160246533128,24.051848,0.0,0.0,573.47942
0.7692307692307693,24.051848,0.0,0.0,574.47942
0.7680491551459293,24.051848,0.0,0.0,575.47942
0.7668711656441718,24.051848,0.0,0.0,576.47942
0.7656967840735069,24.051848,0.0,0.0,577.47942
0.764525993883792,24.051848,0.0,0.0,578.47942
0.7633587786259542,24.051848,0.0,0.0,579.47942
0.7621951219512195,24.051848,0.0,0.0,580.47942
0.76103500761035,24.051848,0.0,0.0,581.47942
0.7598784194528876,24.051848,0.0,0.0,582.47942
0.7587253414264037,24.051848,0.0,0.0,583.47942
0.7575757575757576,24.051848,0.0,0.0,584.47942
0.75642965204236,24.051848,0.0,0.0,585.47942
0.7552870090634441,24.051848,0.0,0.0,586.47942
0.7541478129713424,24.051848,0.0,0.0,587.47942
0.7530120481927711,24.051848,0.0,0.0,588.47942
0.7518796992481203,24.051848,0.0,0.0,589.47942
0.7507507507507507,24.051848,0.0,0.0,590.47942
0.7496251874062968,24.051848,0.0,0.0,591.47942
0.7485029940119761,24.051848,0.0,0.0,592.47942
0.7473841554559043,24.051848,0.0,0.0,593.47942
0.746268656716418,24.051848,0.0,0.0,594.47942
0.7451564828614009,24.051848,0.0,0.0,595.47942
0.7440476190476191,24.051848,0.0,0.0,596.47942
0.7429420505200595,24.051848,0.0,0.0,597.47942
0.7418397626112759,24.051848,0.0,0.0,598.47942
0.7407407407407407,24.051848,0.0,0.0,599.47942
0.7396449704142012,24.051848,0.0,0.0,600.47942
0.7385524372230429,24.051848,0.0,0.0,601.47942
0.7374631268436578,24.051848,0.0,0.0,602.47942
0.7363770250368189,24.051848,0.0,0.0,603.47942
0.7352941176470589,24.051848,0.0,0.0,604.47942
0.7342143906020558,24.051848,0.0,0.0,605.47942
0.7331378299120235,24.051848,0.0,0.0,606.47942
0.7320644216691069,24.051848,0.0,0.0,607.47942
0.7309941520467836,24.051848,0.0,0.0,608.47942
0.7299270072992701,24.051848,0.0,0.0,609.47942
0.7288629737609329,24.051848,0.0,0.0,610.47942
0.727802037845706,24.051848,0.0,0.0,611.47942
0.7267441860465116,24.051848,0.0,0.0,612.47942
0.7256894049346879,24.051848,0.0,0.0,613.47942
0.7246376811594203,24.051848,0.0,0.0,614.47942
0.723589001447178,24.051848,0.0,0.0,615.47942
0.7225433526011561,24.051848,0.0,0.0,616.47942
0.7215007215007215,24.051848,0.0,0.0,617.47942
0.7204610951008645,24.051848,0.0,0.0,618.47942
0.7194244604316546,24.051848,0.0,0.0,619.47942
0.7183908045977011,24.051848,0.0,0.0,620.47942
0.7173601147776184,24.051848,0.0,0.0,621.47942
0.7163323782234957,24.051848,0.0,0.0,622.47942
0.7153075822603719,24.051848,0.0,0.0,623.47942
0.7142857142857143,24.051848,0.0,0.0,624.47942
0.7132667617689016,24.051848,0.0,0.0,625.47942
0.7122507122507122,24.051848,0.0,0.0,626.47942
0.7112375533428165,24.051848,0.0,0.0,627.47942
0.7102272727272727,24.051848,0.0,0.0,628.47942
0.7092198581560284,24.051848,0.0,0.0,629.47942
0.7082152974504249,24.051848,0.0,0.0,630.47942
0.7072135785007072,24.051848,0.0,0.0,631.47942
0.7062146892655368,24.051848,0.0,0.0,632.47942
0.7052186177715092,24.051848,0.0,0.0,633.47942
0.704225352112676,24.051848,0.0,0.0,634.47942
0.7032348804500703,24.051848,0.0,0.0,635.47942
0.702247191011236,24.051848,0.0,0.0,636.47942
0.7012622720897616,24.051848,0.0,0.0,637.47942
0.7002801120448179,24.051848,0.0,0.0,638.47942
0.6993006993006993,24.051848,0.0,0.0,639.47942
0.6983240223463687,24.051848,0.0,0.0,640.47942
0.697350069735007,24.051848,0.0,0.0,641.47942
0.6963788300835655,24.051848,0.0,0.0,642.47942
0.6954102920723226,24.051848,0.0,0.0,643.47942
0.6944444444444444,24.051848,0.0,0.0,644.47942
0.6934812760055479,24.051848,0.0,0.0,645.47942
0.6925207756232687,24.051848,0.0,0.0,646.47942
0.6915629322268326,24.051848,0.0,0.0,647.47942
0.6906077348066298,24.051848,0.0,0.0,648.47942
0.6896551724137931,24.051848,0.0,0.0,649.47942
0.6887052341597796,24.051848,0.0,0.0,650.47942
0.687757909215956,24.051848,0.0,0.0,651.47942
0.6868131868131868,24.051848,0.0,0.0,652.47942
0.6858710562414266,24.051848,0.0,0.0,653.47942
0.684931506849315,24.051848,0.0,0.0,654.47942
0.6839945280437757,24.051848,0.0,0.0,655.47942
0.6830601092896175,24.051848,0.0,0.0,656.47942
0.6821282401091405,24.051848,0.0,0.0,657.47942
0.6811989100817438,24.051848,0.0,0.0,658.47942
0.6802721088435374,24.051848,0.0,0.0,659.47942
0.6793478260869565,24.051848,0.0,0.0,660.47942
0.6784260515603799,24.051848,0.0,0.0,661.47942
0.6775067750677507,24.051848,0.0,0.0,662.47942
0.6765899864682002,24.051848,0.0,0.0,663.47942
0.6756756756756757,24.051848,0.0,0.0,664.47942
0.6747638326585695,24.051848,0.0,0.0,665.47942
0.6738544474393531,24.051848,0.0,0.0,666.47942
0.6729475100942126,24.051848,0.0,0.0,667.47942
0.6720430107526881,24.051848,0.0,0.0,668.47942
0.6711409395973155,24.051848,0.0,0.0,669.47942
0.6702412868632708,24.051848,0.0,0.0,670.47942
0.6693440428380187,24.051848,0.0,0.0,671.47942
0.6684491978609626,24.051848,0.0,0.0,672.47942
0.6675567423230975,24.051848,0.0,0.0,673.47942
0.6666666666666666,24.051848,0.0,0.0,674.47942
0.6657789613848203,24.051848,0.0,0.0,675.47942
0.6648936170212766,24.051848,0.0,0.0,676.47942
0.6640106241699867,24.051848,0.0,0.0,677.47942
0.6631299734748011,24.051848,0.0,0.0,678.47942
0.6622516556291391,24.051848,0.0,0.0,679.47942
0.6613756613756614,24.051848,0.0,0.0,680.47942
0.6605019815059445,24.051848,0.0,0.0,681.47942
0.6596306068601583,24.051848,0.0,0.0,682.47942
0.6587615283267457,24.051848,0.0,0.0,683.47942
0.6578947368421053,24.051848,0.0,0.0,684.47942
0.657030223390276,24.051848,0.0,0.0,685.47942
0.6561679790026247,24.051848,0.0,0.0,686.47942
0.6553079947575361,24.051848,0.0,0.0,687.47942
0.6544502617801047,24.051848,0.0,0.0,688.47942
0.6535947712418301,24.051848,0.0,0.0,689.47942
0.6527415143603134,24.051848,0.0,0.0,690.47942
0.651890482398957,24.051848,0.0,0.0,691.47942
0.6510416666666666,24.051848,0.0,0.0,692.47942
0.6501950585175552,24.051848,0.0,0.0,693.47942
0.6493506493506493,24.051848,0.0,0.0,694.47942
0.648508430609598,24.051848,0.0,0.0,695.47942
0.6476683937823834,24.051848,0.0,0.0,696.47942
0.6468305304010349,24.051848,0.0,0.0,697.47942
0.6459948320413437,24.051848,0.0,0.0,698.47942
0.6451612903225806,24.051848,0.0,0.0,699.47942
0.6443298969072165,24.051848,0.0,0.0,700.47942
0.6435006435006435,24.051848,0.0,0.0,701.47942
0.6426735218508998,24.051848,0.0,0.0,702.47942
0.6418485237483954,24.051848,0.0,0.0,703.47942
0.6410256410256411,24.051848,0.0,0.0,704.47942
0.6402048655569782,24.051848,0.0,0.0,705.47942
0.639386189258312,24.051848,0.0,0.0,706.47942
0.6385696040868455,24.051848,0.0,0.0,707.47942
0.6377551020408163,24.051848,0.0,0.0,708.47942
0.6369426751592356,24.051848,0.0,0.0,709.47942
0.6361323155216285,24.051848,0.0,0.0,710.47942
0.6353240152477764,24.051848,0.0,0.0,711.47942
0.6345177664974619,24.051848,0.0,0.0,712.47942
0.6337135614702155,24.051848,0.0,0.0,713.47942
0.6329113924050633,24.051848,0.0,0.0,714.47942
0.6321112515802781,24.051848,0.0,0.0,715.47942
0.6313131313131313,24.051848,0.0,0.0,716.47942
0.6305170239596469,24.051848,0.0,0.0,717.47942
0.6297229219143576,24.051848,0.0,0.0,718.47942
0.6289308176100629,24.051848,0.0,0.0,719.47942
0.628140703517588,24.051848,0.0,0.0,720.47942
0.6273525721455459,24.051848,0.0,0.0,721.47942
0.6265664160401002,24.051848,0.0,0.0,722.47942
0.6257822277847309,24.051848,0.0,0.0,723.47942
0.625,24.051848,0.0,0.0,724.47942
0.6242197253433208,24.051848,0.0,0.0,725.47942
0.6234413965087282,24.051848,0.0,0.0,726.47942
0.6226650062266501,24.051848,0.0,0.0,727.47942
0.6218905472636815,24.051848,0.0,0.0,728.47942
0.6211180124223602,24.051848,0.0,0.0,729.47942
0.6203473945409429,24.051848,0.0,0.0,730.47942
0.6195786864931846,24.051848,0.0,0.0,731.47942
0.6188118811881188,24.051848,0.0,0.0,732.47942
0.6180469715698393,24.051848,0.0,0.0,733.47942
0.6172839506172839,24.051848,0.0,0.0,734.47942
0.6165228113440198,24.051848,0.0,0.0,735.47942
0.6157635467980296,24.051848,0.0,0.0,736.47942
0.6150061500615006,24.051848,0.0,0.0,737.47942
0.6142506142506142,24.051848,0.0,0.0,738.47942
0.6134969325153374,24.051848,0.0,0.0,739.47942
0.6127450980392157,24.051848,0.0,0.0,740.47942
0.6119951040391677,24.051848,0.0,0.0,741.47942
0.6112469437652812,24.051848,0.0,0.0,742.47942
0.6105006105006106,24.051848,0.0,0.0,743.47942
0.6097560975609756,24.051848,0.0,0.0,744.47942
0.6090133982947625,24.051848,0.0,0.0,745.47942
0.6082725060827251,24.051848,0.0,0.0,746.47942
0.6075334143377886,24.051848,0.0,0.0,747.47942
0.6067961165048543,24.051848,0.0,0.0,748.47942
0.6060606060606061,24.051848,0.0,0.0,749.47942
0.6053268765133172,24.051848,0.0,0.0,750.47942
0.6045949214026602,24.051848,0.0,0.0,751.47942
0.6038647342995169,24.051848,0.0,0.0,752.47942
0.6031363088057901,24.051848,0.0,0.0,753.47942
0.6024096385542169,24.051848,0.0,0.0,754.47942
0.601684717208183,24.051848,0.0,0.0,755.47942
0.6009615384615384,24.051848,0.0,0.0,756.47942
0.6002400960384153,24.051848,0.0,0.0,757.47942
0.5995203836930456,24.011249,0.0,0.0,758.60689
0.5988023952095808,23.945644,0.0,0.0,759.81289
0.5980861244019139,23.88004,0.0,0.0,761.01888
0.5973715651135006,23.814435,0.0,0.0,762.22487
0.5966587112171837,23.748831,0.0,0.0,763.43086
0.5959475566150179,23.683226,0.0,0.0,764.63685
0.5952380952380952,23.617622,0.0,0.0,765.84285
0.5945303210463734,23.552017,0.0,0.0,767.04884
0.5938242280285035,23.486413,0.0,0.0,768.25483
0.5931198102016607,23.420808,0.0,0.0,769.46082
0.5924170616113744,23.355204,0.0,0.0,770.66681
0.591715976331361,23.289599,0.0,0.0,771.87281
0.5910165484633569,23.223995,0.0,0.0,773.0788
0.5903187721369539,23.15839,0.0,0.0,774.28479
0.589622641509434,23.092786,0.0,0.0,775.49078
0.5889281507656066,23.027181,0.0,0.0,776.69677
0.5882352941176471,22.961577,0.0,0.0,777.90277
0.5875440658049353,22.895972,0.0,0.0,779.10876
0.5868544600938967,22.830368,0.0,0.0,780.31475
0.5861664712778429,22.764763,0.0,0.0,781.52074
0.585480093676815,22.699159,0.0,0.0,782.72674
0.5847953216374269,22.633554,0.0,0.0,783.93273
0.5841121495327103,22.56795,0.0,0.0,785.13872
0.5834305717619603,22.502345,0.0,0.0,786.34471
0.5827505827505828,22.436741,0.0,0.0,787.5507
0.5820721769499418,22.371136,0.0,0.0,788.7567
0.5813953488372093,22.305532,0.0,0.0,789.96269
0.5807200929152149,22.239927,0.0,0.0,791.16868
0.580046403712297,22.174323,0.0,0.0,792.37467
0.5793742757821553,22.108718,0.0,0.0,793.58066
0.5787037037037037,22.043114,0.0,0.0,794.78666
0.5780346820809249,21.977509,0.0,0.0,795.99265
0.5773672055427251,21.911905,0.0,0.0,797.19864
0.5767012687427913,21.8463,0.0,0.0,798.40463
0.576036866359447,21.780696,0.0,0.0,799.61062
0.5753739930955121,21.715091,0.0,0.0,800.81662
0.5747126436781609,21.649487,0.0,0.0,802.02261
0.574052812858783,21.583882,0.0,0.0,803.2286
0.573394495412844,21.518278,0.0,0.0,804.43459
0.572737686139748,21.452673,0.0,0.0,805.64059
0.5720823798627003,21.387069,0.0,0.0,806.84658
0.5714285714285714,21.321464,0.0,0.0,808.05257
0.5707762557077626,21.25586,0.0,0.0,809.25856
0.5701254275940707,21.190255,0.0,0.0,810.46455
0.5694760820045558,21.124651,0.0,0.0,811.67055
0.5688282138794084,21.059046,0.0,0.0,812.87654
0.5681818181818182,20.993442,0.0,0.0,814.08253
0.5675368898978433,20.927837,0.0,0.0,815.28852
0.5668934240362812,20.862233,0.0,0.0,816.49451
0.5662514156285391,20.796628,0.0,0.0,817.70051
0.5656108597285068,20.731024,0.0,0.0,818.9065
0.5649717514124294,20.665419,0.0,0.0,820.11249
0.5643340857787811,20.599815,0.0,0.0,821.31848
0.5636978579481398,20.53421,0.0,0.0,822.52447
0.5630630630630631,20.468606,0.0,0.0,823.73047
0.562429696287964,20.403001,0.0,0.0,824.93646
0.5617977528089888,20.337396,0.0,0.0,826.14245
0.5611672278338945,20.271792,0.0,0.0,827.34844
0.5605381165919282,20.206187,0.0,0.0,828.55443
0.5599104143337066,20.140583,0.0,0.0,829.76043
0.5592841163310962,20.074978,0.0,0.0,830.96642
0.5586592178770949,20.009374,0.0,0.0,832.17241
0.5580357142857143,19.943769,0.0,0.0,833.3784
0.5574136008918618,19.878165,0.0,0.0,834.5844
0.5567928730512249,19.81256,0.0,0.0,835.79039
0.5561735261401557,19.746956,0.0,0.0,836.99638
0.5555555555555556,19.681351,0.0,0.0,838.20237
0.5549389567147613,19.615747,0.0,0.0,839.40836
0.5543237250554324,19.550142,0.0,0.0,840.61436
0.5537098560354374,19.484538,0.0,0.0,841.82035
0.5530973451327433,19.418933,0.0,0.0,843.02634
0.5524861878453039,19.353329,0.0,0.0,844.23233
0.5518763796909493,19.287724,0.0,0.0,845.43832
0.5512679162072768,19.205984,0.49190848,-0.49190848,846.69498
0.5506607929515418,19.085696,2.1589738,-2.1589738,848.07267
0.5500550055005501,18.965408,3.8260391,-3.8260391,849.45037
0.5494505494505495,18.84512,5.4931044,-5.4931044,850.82806
0.5488474204171241,18.724832,7.1601696,-7.1601696,852.20575
0.5482456140350878,18.604544,8.8272349,-8.8272349,853.58345
0.547645125958379,18.484256,10.4943,-10.4943,854.96114
0.5470459518599562,18.363968,12.161366,-12.161366,856.33883
0.546448087431694,18.24368,13.828431,-13.828431,857.71653
0.5458515283842795,18.123392,15.495496,-15.495496,859.09422
0.5452562704471101,18.003104,17.162561,-17.162561,860.47191
0.5446623093681917,17.882816,18.829627,-18.829627,861.84961
0.544069640914037,17.762528,20.496692,-20.496692,863.2273
0.5434782608695652,17.64224,22.163757,-22.163757,864.60499
0.5428881650380022,17.521952,23.830823,-23.830823,865.98269
0.5422993492407809,17.401664,25.497888,-25.497888,867.36038
0.5417118093174431,17.281376,27.164953,-27.164953,868.73807
0.5411255411255411,17.161088,28.832018,-28.832018,870.11577
0.5405405405405406,17.0408,30.499084,-30.499084,871.49346
0.5399568034557235,16.920512,32.166149,-32.166149,872.87115
0.5393743257820928,16.800224,33.833214,-33.833214,874.24885
0.5387931034482759,16.679936,35.50028,-35.50028,875.62654
0.5382131324004306,16.559648,37.167345,-37.167345,877.00423
0.5376344086021505,16.43936,38.83441,-38.83441,878.38193
0.5370569280343717,16.319072,40.501475,-40.501475,879.75962
0.5364806866952789,16.198784,42.168541,-42.168541,881.13731
0.5359056806002144,16.078496,43.835606,-43.835606,882.515
0.5353319057815846,15.958208,45.502671,-45.502671,883.8927
0.5347593582887701,15.83792,47.169737,-47.169737,885.27039
0.5341880341880342,15.717632,48.836802,-48.836802,886.64808
0.5336179295624333,15.597344,50.503867,-50.503867,888.02578
0.5330490405117271,15.477056,52.170933,-52.170933,889.40347
0.5324813631522897,15.356768,53.837998,-53.837998,890.78116
0.5319148936170213,15.23648,55.505063,-55.505063,892.15886
0.5313496280552603,15.116192,57.172128,-57.172128,893.53655
0.5307855626326964,14.995904,58.839194,-58.839194,894.91424
0.5302226935312832,14.875616,60.506259,-60.506259,896.29194
0.5296610169491526,14.755328,62.173324,-62.173324,897.66963
0.5291005291005291,14.63504,63.84039,-63.84039,899.04732
0.5285412262156448,14.514752,65.507455,-65.507455,900.42502
0.5279831045406547,14.394464,67.17452,-67.17452,901.80271
0.5274261603375527,14.274176,68.841585,-68.841585,903.1804
0.5268703898840885,14.153888,70.508651,-70.508651,904.5581
0.5263157894736842,14.0336,72.175716,-72.175716,905.93579
0.5257623554153522,13.913312,73.842781,-73.842781,907.31348
0.5252100840336135,13.793024,75.509847,-75.509847,908.69118
0.5246589716684156,13.672736,77.176912,-77.176912,910.06887
0.5241090146750524,13.552448,78.843977,-78.843977,911.44656
0.5235602094240838,13.43216,80.511042,-80.511042,912.82426
0.5230125523012552,13.311872,82.178108,-82.178108,914.20195
0.522466039707419,13.191584,83.845173,-83.845173,915.57964
0.5219206680584552,13.071296,85.512238,-85.512238,916.95734
0.5213764337851929,12.951008,87.179304,-87.179304,918.33503
0.5208333333333334,12.83072,88.846369,-88.846369,919.71272
0.5202913631633714,12.710432,90.513434,-90.513434,921.09042
0.5197505197505198,12.590144,92.1805,-92.1805,922.46811
0.5192107995846313,12.469856,93.847565,-93.847565,923.8458
0.5186721991701245,12.349568,95.51463,-95.51463,925.2235
0.5181347150259067,12.22928,97.181695,-97.181695,926.60119
0.5175983436853002,12.108992,98.848761,-98.848761,927.97888
0.5170630816959669,11.988704,100.51583,-100.51583,929.35657
0.5165289256198347,11.868416,102.18289,-102.18289,930.73427
0.5159958720330238,11.748128,103.84996,-103.84996,932.11196
0.5154639175257731,11.62784,105.51702,-105.51702,933.48965
0.5149330587023687,11.507552,107.18409,-107.18409,934.86735
0.51440329218107,11.387264,108.85115,-108.85115,936.24504
0.513874614594039,11.266976,110.51822,-110.51822,937.62273
0.5133470225872689,11.146688,112.18528,-112.18528,939.00043
0.5128205128205128,11.0264,113.85235,-113.85235,940.37812
0.5122950819672131,10.906112,115.51941,-115.51941,941.75581
0.5117707267144319,10.785824,117.18648,-117.18648,943.13351
0.5112474437627812,10.665536,118.85354,-118.85354,944.5112
0.5107252298263534,10.545248,120.52061,-120.52061,945.88889
0.5102040816326531,10.42496,122.18767,-122.18767,947.26659
0.509683995922528,10.304672,123.85474,-123.85474,948.64428
0.5091649694501018,10.184384,125.52181,-125.52181,950.02197
0.508646998982706,10.064096,127.18887,-127.18887,951.39967
0.508130081300813,9.9438081,128.85594,-128.85594,952.77736
0.5076142131979695,9.8235201,130.523,-130.523,954.15505
0.5070993914807302,9.7032321,132.19007,-132.19007,955.53275
0.5065856129685917,9.5829441,133.85713,-133.85713,956.91044
0.5060728744939271,9.4626561,135.5242,-135.5242,958.28813
0.5055611729019212,9.3423681,137.19126,-137.19126,959.66583
0.5050505050505051,9.2220801,138.85833,-138.85833,961.04352
0.5045408678102926,9.1017921,140.52539,-140.52539,962.42121
0.5040322580645161,8.9815041,142.19246,-142.19246,963.79891
0.5035246727089627,8.8612161,143.85952,-143.85952,965.1766
0.5030181086519114,8.7409281,145.52659,-145.52659,966.55429
0.5025125628140703,8.6206401,147.19365,-147.19365,967.93199
0.5020080321285141,8.5003521,148.86072,-148.86072,969.30968
0.5015045135406219,8.3800641,150.52778,-150.52778,970.68737
0.501002004008016,8.2597761,152.19485,-152.19485,972.06506
0.5005005005005005,8.1394881,153.86192,-153.86192,973.44276
0.5,8.0192001,155.52898,-155.52898,974.82045
0.4995004995004995,7.8989121,157.19605,-157.19605,976.19814
0.499001996007984,7.7786241,158.86311,-158.86311,977.57584
0.4985044865403789,7.6583361,160.53018,-160.53018,978.95353
0.49800796812749004,7.5380481,162.19724,-162.19724,980.33122
0.4975124378109453,7.4177601,163.86431,-163.86431,981.70892
0.4970178926441352,7.2974721,165.53137,-165.53137,983.08661
0.49652432969215493,7.1771841,167.19844,-167.19844,984.4643
0.49603174603174605,7.0568961,168.8655,-168.8655,985.842
0.49554013875123887,6.9366081,170.53257,-170.53257,987.21969
0.49504950495049505,6.8163201,172.19963,-172.19963,988.59738
0.49455984174085066,6.6960321,173.8667,-173.8667,989.97508
0.49407114624505927,6.5757441,175.53376,-175.53376,991.35277
0.49358341559723595,6.4554561,177.20083,-177.20083,992.73046
0.4930966469428008,6.3351681,178.86789,-178.86789,994.10816
0.49261083743842365,6.2148801,180.53496,-180.53496,995.48585
0.4921259842519685,6.0945921,182.20203,-182.20203,996.86354
0.4916420845624385,5.9743041,183.86909,-183.86909,998.24124
0.4911591355599214,5.8540161,185.53616,-185.53616,999.61893
0.49067713444553485,5.7337281,187.20322,-187.20322,1000.9966
0.49019607843137253,5.6134401,188.87029,-188.87029,1002.3743
0.48971596474045054,5.4931521,190.53735,-190.53735,1003.752
0.4892367906066536,5.3728641,192.20442,-192.20442,1005.1297
0.4887585532746823,5.2525761,193.87148,-193.87148,1006.5074
0.48828125,5.1322881,195.53855,-195.53855,1007.8851
0.4878048780487805,5.0120001,197.20561,-197.20561,1009.2628
0.4873294346978557,4.8917121,198.87268,-198.87268,1010.6405
0.48685491723466406,4.7435944,201.38815,-201.38815,1012.1056
0.48638132295719844,4.5373512,205.67562,-205.67562,1013.7531
0.4859086491739553,4.331108,209.96309,-209.96309,1015.4007
0.4854368932038835,4.1248647,214.25056,-214.25056,1017.0483
0.48496605237633367,3.9186215,218.53804,-218.53804,1018.6959
0.4844961240310077,3.7123783,222.82551,-222.82551,1020.3435
0.484027105517909,3.506135,227.11298,-227.11298,1021.9911
0.4835589941972921,3.2998918,231.40045,-231.40045,1023.6386
0.4830917874396135,3.0936485,235.68792,-235.68792,1025.2862
0.4826254826254826,2.8874053,239.97539,-239.97539,1026.9338
0.4821600771456123,2.6811621,244.26287,-244.26287,1028.5814
0.4816955684007707,2.4749188,248.55034,-248.55034,1030.229
0.48123195380173245,2.2686756,252.83781,-252.83781,1031.8766
0.4807692307692308,2.0624324,257.12528,-257.12528,1033.5242
0.4803073967339097,1.8561891,261.41275,-261.41275,1035.1717
0.4798464491362764,1.6499459,265.70023,-265.70023,1036.8193
0.4793863854266539,1.4437027,269.9877,-269.9877,1038.4669
0.4789272030651341,1.2374594,274.27517,-274.27517,1040.1145
0.4784688995215311,1.0312162,278.56264,-278.56264,1041.7621
0.4780114722753346,0.82497295,282.85011,-282.85011,1043.4097
0.4775549188156638,0.61872971,287.13758,-287.13758,1045.0572
0.4770992366412214,0.41248647,291.42506,-291.42506,1046.7048
0.47664442326024786,0.20624324,295.71253,-295.71253,1048.3524
0.47619047619047616,0.0,300.0,-300.0,1050.0
